-- MySQL dump 9.09
--
-- Host: localhost    Database: einstein
---------------------------------------------------------
-- Server version	4.0.15-nt

--
-- Table structure for table `auditor`
--

DROP TABLE IF EXISTS auditor;
CREATE TABLE auditor (
  Auditor_ID int(10) unsigned NOT NULL auto_increment,
  Name varchar(45) default NULL,
  City varchar(45) default NULL,
  Country varchar(45) default NULL,
  Company varchar(45) default NULL,
  CompanyType varchar(45) default NULL,
  Adress varchar(100) default NULL,
  Phone varchar(45) default NULL,
  Fax varchar(45) default NULL,
  EMail varchar(45) default NULL,
  Web varchar(45) default NULL,
  PRIMARY KEY  (Auditor_ID)
) TYPE=MyISAM;

--
-- Dumping data for table `auditor`
--


/*!40000 ALTER TABLE auditor DISABLE KEYS */;
LOCK TABLES auditor WRITE;
UNLOCK TABLES;
/*!40000 ALTER TABLE auditor ENABLE KEYS */;

--
-- Table structure for table `cbuildings`
--

DROP TABLE IF EXISTS cbuildings;
CREATE TABLE cbuildings (
  CBuildings_ID int(10) unsigned NOT NULL auto_increment,
  Questionnaire_id int(10) unsigned default NULL,
  AlternativeProposalNo int(10) unsigned default '0',
  QBuildings_id int(10) unsigned default NULL,
  PRIMARY KEY  (CBuildings_ID)
) TYPE=MyISAM;

--
-- Dumping data for table `cbuildings`
--


/*!40000 ALTER TABLE cbuildings DISABLE KEYS */;
LOCK TABLES cbuildings WRITE;
UNLOCK TABLES;
/*!40000 ALTER TABLE cbuildings ENABLE KEYS */;

--
-- Table structure for table `cdistributionhc`
--

DROP TABLE IF EXISTS cdistributionhc;
CREATE TABLE cdistributionhc (
  CDistributionHC_ID int(10) unsigned NOT NULL auto_increment,
  Questionnaire_id int(10) unsigned default NULL,
  AlternativeProposalNo int(10) unsigned default '0',
  QDistributionHC_id int(10) unsigned default NULL,
  NPIPEDUCT int(11) default NULL,
  HDEffAvg double default NULL,
  PRIMARY KEY  (CDistributionHC_ID)
) TYPE=MyISAM;

--
-- Dumping data for table `cdistributionhc`
--


/*!40000 ALTER TABLE cdistributionhc DISABLE KEYS */;
LOCK TABLES cdistributionhc WRITE;
UNLOCK TABLES;
/*!40000 ALTER TABLE cdistributionhc ENABLE KEYS */;

--
-- Table structure for table `celectricity`
--

DROP TABLE IF EXISTS celectricity;
CREATE TABLE celectricity (
  CElectricity_ID int(10) unsigned NOT NULL auto_increment,
  Questionnaire_id int(10) unsigned default NULL,
  AlternativeProposalNo int(10) unsigned default '0',
  ELECTRICITY_Type double default NULL,
  PRIMARY KEY  (CElectricity_ID)
) TYPE=MyISAM;

--
-- Dumping data for table `celectricity`
--


/*!40000 ALTER TABLE celectricity DISABLE KEYS */;
LOCK TABLES celectricity WRITE;
UNLOCK TABLES;
/*!40000 ALTER TABLE celectricity ENABLE KEYS */;

--
-- Table structure for table `cfuel`
--

DROP TABLE IF EXISTS cfuel;
CREATE TABLE cfuel (
  CFuel_ID int(10) unsigned NOT NULL auto_increment,
  Questionnaire_id int(10) unsigned default NULL,
  AlternativeProposalNo int(10) unsigned default '0',
  QFuel_id int(10) unsigned default NULL,
  FECi double default NULL,
  FETi double default NULL,
  ProdCO2Fuel double default NULL,
  DBFuel_id int(10) unsigned default NULL,
  PRIMARY KEY  (CFuel_ID)
) TYPE=MyISAM;

--
-- Dumping data for table `cfuel`
--


/*!40000 ALTER TABLE cfuel DISABLE KEYS */;
LOCK TABLES cfuel WRITE;
INSERT INTO cfuel VALUES (1,1,0,1,6600,6600,1650,2),(2,1,0,2,6958,6958,1739.5,1),(3,2,0,1,6600,6600,1650,2),(4,2,0,2,6958,6958,1739.5,1),(5,3,0,1,6600,6600,1650,2),(6,3,0,2,6958,6958,1739.5,1);
UNLOCK TABLES;
/*!40000 ALTER TABLE cfuel ENABLE KEYS */;

--
-- Table structure for table `cgeneraldata`
--

DROP TABLE IF EXISTS cgeneraldata;
CREATE TABLE cgeneraldata (
  CGeneralData_ID int(10) unsigned NOT NULL auto_increment,
  Questionnaire_id int(10) unsigned default NULL,
  AlternativeProposalNo int(10) unsigned default '0',
  OMThermal double default NULL,
  OMElectrical double default NULL,
  HPerDayInd double default NULL,
  NShifts double default NULL,
  NDaysInd double default NULL,
  NoProdStart varchar(6) default NULL,
  NoProdStop varchar(6) default NULL,
  PercentElTotcost double default NULL,
  PercentFuelTotcost double default NULL,
  InflationRate double default NULL,
  FuelPriceRate double default NULL,
  InterestExtFinancing double default NULL,
  PercentExtFinancing double default NULL,
  AmortisationTime double default NULL,
  PublicFundType varchar(45) default NULL,
  OMGenTot double default NULL,
  OMGenOP double default NULL,
  OMGenEP double default NULL,
  OMGenFung double default NULL,
  OMBuildTot double default NULL,
  OMBuildOP double default NULL,
  OMBuildEP double default NULL,
  OMBiuildFung double default NULL,
  OMMachEquipTot double default NULL,
  OMMachEquipOP double default NULL,
  OMMachEquipEP double default NULL,
  OMMachEquipFung double default NULL,
  OMHCGenDistTot double default NULL,
  OMHCGenDistOP double default NULL,
  OMHCGenDistEP double default NULL,
  OMHCGenDistFung double default NULL,
  OMTotalTot double default NULL,
  OMTotalOP double default NULL,
  OMTotalEP double default NULL,
  OMTotalFung double default NULL,
  NPipeDuct int(11) default NULL,
  NEquipe int(11) default NULL,
  NProducts int(11) default NULL,
  HoursInd double default NULL,
  PETOTAL double default NULL,
  PECFuels double default NULL,
  PECElect double default NULL,
  PETFuels double default NULL,
  PETElect double default NULL,
  FECel double default NULL,
  FETel double default NULL,
  ProdCO2FuelMix double default NULL,
  ProdCO2Elect double default NULL,
  PETOTAL_EXT double default NULL,
  PE_INT double default NULL,
  EL_OWN double default NULL,
  EL_OWN_EXT double default NULL,
  EL_INT double default NULL,
  FUEL_OWN_EXT double default NULL,
  FUEL_INT double default NULL,
  FEC double default NULL,
  Nfuels int(11) default NULL,
  ElecticityThermUse double default NULL,
  ElectricityNonThermUse double default NULL,
  PEConvFuelMix double default NULL,
  CO2ConvFuelMix double default NULL,
  PEConvFuelCHP double default NULL,
  CO2ConvFuelCHP double default NULL,
  FuelTariffMix double default NULL,
  FuelTariffCHP double default NULL,
  NThProc int(11) default NULL,
  USH double default NULL,
  FET double default NULL,
  ElectricityGen double default NULL,
  ElectricitySales double default NULL,
  FEO double default NULL,
  FEOel double default NULL,
  PEC double default NULL,
  PET double default NULL,
  PEO double default NULL,
  PECel double default NULL,
  PETel double default NULL,
  PRIMARY KEY  (CGeneralData_ID)
) TYPE=MyISAM;

--
-- Dumping data for table `cgeneraldata`
--


/*!40000 ALTER TABLE cgeneraldata DISABLE KEYS */;
LOCK TABLES cgeneraldata WRITE;
INSERT INTO cgeneraldata VALUES (1,1,0,NULL,NULL,NULL,NULL,NULL,NULL,NULL,NULL,NULL,NULL,NULL,NULL,NULL,NULL,NULL,NULL,NULL,NULL,NULL,NULL,NULL,NULL,NULL,NULL,NULL,NULL,NULL,NULL,NULL,NULL,NULL,NULL,NULL,NULL,NULL,NULL,NULL,NULL,NULL,NULL,14913.8,3000,14913.8,510,1000,170,999,700,NULL,2.94,NULL,NULL,0.15,NULL,2.27,NULL,NULL,NULL,NULL,NULL,NULL,NULL,NULL,NULL,NULL,NULL,NULL,NULL,NULL,NULL,NULL,NULL,NULL,NULL,NULL,NULL,NULL),(2,2,0,NULL,NULL,NULL,NULL,NULL,NULL,NULL,NULL,NULL,NULL,NULL,NULL,NULL,NULL,NULL,NULL,NULL,NULL,NULL,NULL,NULL,NULL,NULL,NULL,NULL,NULL,NULL,NULL,NULL,NULL,NULL,NULL,NULL,NULL,NULL,NULL,NULL,NULL,NULL,NULL,14913.8,3000,14913.8,510,1000,170,999,700,NULL,3.44496153846,NULL,NULL,0.192307692308,NULL,2.60730769231,14558,NULL,NULL,NULL,NULL,NULL,NULL,NULL,NULL,NULL,NULL,NULL,13728,NULL,NULL,NULL,NULL,NULL,NULL,NULL,NULL,NULL),(3,3,0,NULL,NULL,NULL,NULL,NULL,NULL,NULL,NULL,NULL,NULL,NULL,NULL,NULL,NULL,NULL,NULL,NULL,NULL,NULL,NULL,NULL,NULL,NULL,NULL,NULL,NULL,NULL,NULL,NULL,NULL,NULL,NULL,NULL,NULL,NULL,NULL,NULL,NULL,NULL,NULL,14913.8,3000,14913.8,510,1000,170,999,700,NULL,3,NULL,NULL,NULL,NULL,NULL,NULL,NULL,NULL,NULL,NULL,NULL,NULL,NULL,NULL,NULL,NULL,NULL,NULL,NULL,NULL,NULL,NULL,NULL,NULL,NULL,NULL,NULL),(4,99,0,NULL,NULL,NULL,NULL,NULL,NULL,NULL,NULL,NULL,NULL,NULL,NULL,NULL,NULL,NULL,NULL,NULL,NULL,NULL,NULL,NULL,NULL,NULL,NULL,NULL,NULL,NULL,NULL,NULL,NULL,NULL,NULL,NULL,NULL,NULL,NULL,NULL,0,0,0,14913.8,3000,14913.8,510,1000,170,999,700,0,3.44496153846,0,0,0.192307692308,0,2.60730769231,14558,0,0,0,0,0,0,0,0,0,0,0,13728,NULL,NULL,NULL,NULL,NULL,NULL,NULL,NULL,NULL),(5,99,6,NULL,NULL,NULL,NULL,NULL,NULL,NULL,NULL,NULL,NULL,NULL,NULL,NULL,NULL,NULL,NULL,NULL,NULL,NULL,NULL,NULL,NULL,NULL,NULL,NULL,NULL,NULL,NULL,NULL,NULL,NULL,NULL,NULL,NULL,NULL,NULL,NULL,0,0,0,14913.8,3000,14913.8,510,1000,170,999,700,0,3.44496153846,0,0,0.192307692308,0,2.60730769231,14558,0,0,0,0,0,0,0,0,0,0,0,13728,NULL,NULL,NULL,NULL,NULL,NULL,NULL,NULL,NULL),(6,99,6,NULL,NULL,NULL,NULL,NULL,NULL,NULL,NULL,NULL,NULL,NULL,NULL,NULL,NULL,NULL,NULL,NULL,NULL,NULL,NULL,NULL,NULL,NULL,NULL,NULL,NULL,NULL,NULL,NULL,NULL,NULL,NULL,NULL,NULL,NULL,NULL,NULL,0,0,0,14913.8,3000,14913.8,510,1000,170,999,700,0,3.44496153846,0,0,0.192307692308,0,2.60730769231,14558,0,0,0,0,0,0,0,0,0,0,0,13728,NULL,NULL,NULL,NULL,NULL,NULL,NULL,NULL,NULL),(7,99,6,NULL,NULL,NULL,NULL,NULL,NULL,NULL,NULL,NULL,NULL,NULL,NULL,NULL,NULL,NULL,NULL,NULL,NULL,NULL,NULL,NULL,NULL,NULL,NULL,NULL,NULL,NULL,NULL,NULL,NULL,NULL,NULL,NULL,NULL,NULL,NULL,NULL,0,0,0,14913.8,3000,14913.8,510,1000,170,999,700,0,3.44496153846,0,0,0.192307692308,0,2.60730769231,14558,0,0,0,0,0,0,0,0,0,0,0,13728,NULL,NULL,NULL,NULL,NULL,NULL,NULL,NULL,NULL),(8,99,6,NULL,NULL,NULL,NULL,NULL,NULL,NULL,NULL,NULL,NULL,NULL,NULL,NULL,NULL,NULL,NULL,NULL,NULL,NULL,NULL,NULL,NULL,NULL,NULL,NULL,NULL,NULL,NULL,NULL,NULL,NULL,NULL,NULL,NULL,NULL,NULL,NULL,0,0,0,14913.8,3000,14913.8,510,1000,170,999,700,0,3.44496153846,0,0,0.192307692308,0,2.60730769231,14558,0,0,0,0,0,0,0,0,0,0,0,13728,NULL,NULL,NULL,NULL,NULL,NULL,NULL,NULL,NULL),(9,99,6,NULL,NULL,NULL,NULL,NULL,NULL,NULL,NULL,NULL,NULL,NULL,NULL,NULL,NULL,NULL,NULL,NULL,NULL,NULL,NULL,NULL,NULL,NULL,NULL,NULL,NULL,NULL,NULL,NULL,NULL,NULL,NULL,NULL,NULL,NULL,NULL,NULL,0,0,0,14913.8,3000,14913.8,510,1000,170,999,700,0,3.44496153846,0,0,0.192307692308,0,2.60730769231,14558,0,0,0,0,0,0,0,0,0,0,0,13728,NULL,NULL,NULL,NULL,NULL,NULL,NULL,NULL,NULL),(10,99,6,NULL,NULL,NULL,NULL,NULL,NULL,NULL,NULL,NULL,NULL,NULL,NULL,NULL,NULL,NULL,NULL,NULL,NULL,NULL,NULL,NULL,NULL,NULL,NULL,NULL,NULL,NULL,NULL,NULL,NULL,NULL,NULL,NULL,NULL,NULL,NULL,NULL,0,0,0,14913.8,3000,14913.8,510,1000,170,999,700,0,3.44496153846,0,0,0.192307692308,0,2.60730769231,14558,0,0,0,0,0,0,0,0,0,0,0,13728,NULL,NULL,NULL,NULL,NULL,NULL,NULL,NULL,NULL),(11,99,5,NULL,NULL,NULL,NULL,NULL,NULL,NULL,NULL,NULL,NULL,NULL,NULL,NULL,NULL,NULL,NULL,NULL,NULL,NULL,NULL,NULL,NULL,NULL,NULL,NULL,NULL,NULL,NULL,NULL,NULL,NULL,NULL,NULL,NULL,NULL,NULL,NULL,NULL,NULL,NULL,NULL,NULL,NULL,NULL,NULL,NULL,NULL,NULL,NULL,NULL,NULL,NULL,NULL,NULL,NULL,NULL,NULL,NULL,NULL,NULL,NULL,NULL,NULL,NULL,NULL,NULL,NULL,NULL,NULL,NULL,NULL,NULL,NULL,NULL,NULL,NULL,NULL),(12,99,5,NULL,NULL,NULL,NULL,NULL,NULL,NULL,NULL,NULL,NULL,NULL,NULL,NULL,NULL,NULL,NULL,NULL,NULL,NULL,NULL,NULL,NULL,NULL,NULL,NULL,NULL,NULL,NULL,NULL,NULL,NULL,NULL,NULL,NULL,NULL,NULL,NULL,NULL,NULL,NULL,NULL,NULL,NULL,NULL,NULL,NULL,NULL,NULL,NULL,NULL,NULL,NULL,NULL,NULL,NULL,NULL,NULL,NULL,NULL,NULL,NULL,NULL,NULL,NULL,NULL,NULL,NULL,NULL,NULL,NULL,NULL,NULL,NULL,NULL,NULL,NULL,NULL),(13,99,6,NULL,NULL,NULL,NULL,NULL,NULL,NULL,NULL,NULL,NULL,NULL,NULL,NULL,NULL,NULL,NULL,NULL,NULL,NULL,NULL,NULL,NULL,NULL,NULL,NULL,NULL,NULL,NULL,NULL,NULL,NULL,NULL,NULL,NULL,NULL,NULL,NULL,NULL,NULL,NULL,14913.8,3000,14913.8,510,1000,170,999,700,NULL,3.44496153846,NULL,NULL,0.192307692308,NULL,2.60730769231,14558,NULL,NULL,NULL,NULL,NULL,NULL,NULL,NULL,NULL,NULL,NULL,13728,NULL,NULL,NULL,NULL,NULL,NULL,NULL,NULL,NULL),(14,99,6,NULL,NULL,NULL,NULL,NULL,NULL,NULL,NULL,NULL,NULL,NULL,NULL,NULL,NULL,NULL,NULL,NULL,NULL,NULL,NULL,NULL,NULL,NULL,NULL,NULL,NULL,NULL,NULL,NULL,NULL,NULL,NULL,NULL,NULL,NULL,NULL,NULL,NULL,NULL,NULL,14913.8,3000,14913.8,510,1000,170,999,700,NULL,3.44496153846,NULL,NULL,0.192307692308,NULL,2.60730769231,14558,NULL,NULL,NULL,NULL,NULL,NULL,NULL,NULL,NULL,NULL,NULL,13728,NULL,NULL,NULL,NULL,NULL,NULL,NULL,NULL,NULL),(15,99,6,NULL,NULL,NULL,NULL,NULL,NULL,NULL,NULL,NULL,NULL,NULL,NULL,NULL,NULL,NULL,NULL,NULL,NULL,NULL,NULL,NULL,NULL,NULL,NULL,NULL,NULL,NULL,NULL,NULL,NULL,NULL,NULL,NULL,NULL,NULL,NULL,NULL,NULL,NULL,NULL,14913.8,3000,14913.8,510,1000,170,999,700,NULL,3.44496153846,NULL,NULL,0.192307692308,NULL,2.60730769231,14558,NULL,NULL,NULL,NULL,NULL,NULL,NULL,NULL,NULL,NULL,NULL,13728,NULL,NULL,NULL,NULL,NULL,NULL,NULL,NULL,NULL),(16,99,6,NULL,NULL,NULL,NULL,NULL,NULL,NULL,NULL,NULL,NULL,NULL,NULL,NULL,NULL,NULL,NULL,NULL,NULL,NULL,NULL,NULL,NULL,NULL,NULL,NULL,NULL,NULL,NULL,NULL,NULL,NULL,NULL,NULL,NULL,NULL,NULL,NULL,NULL,NULL,NULL,14913.8,3000,14913.8,510,1000,170,999,700,NULL,3.44496153846,NULL,NULL,0.192307692308,NULL,2.60730769231,14558,NULL,NULL,NULL,NULL,NULL,NULL,NULL,NULL,NULL,NULL,NULL,13728,NULL,NULL,NULL,NULL,NULL,NULL,NULL,NULL,NULL),(17,99,6,NULL,NULL,NULL,NULL,NULL,NULL,NULL,NULL,NULL,NULL,NULL,NULL,NULL,NULL,NULL,NULL,NULL,NULL,NULL,NULL,NULL,NULL,NULL,NULL,NULL,NULL,NULL,NULL,NULL,NULL,NULL,NULL,NULL,NULL,NULL,NULL,NULL,NULL,NULL,NULL,14913.8,3000,14913.8,510,1000,170,999,700,NULL,3.44496153846,NULL,NULL,0.192307692308,NULL,2.60730769231,14558,NULL,NULL,NULL,NULL,NULL,NULL,NULL,NULL,NULL,NULL,NULL,13728,NULL,NULL,NULL,NULL,NULL,NULL,NULL,NULL,NULL),(94,36,1,NULL,NULL,NULL,NULL,NULL,NULL,NULL,NULL,NULL,NULL,NULL,NULL,NULL,NULL,NULL,NULL,NULL,NULL,NULL,NULL,NULL,NULL,NULL,NULL,NULL,NULL,NULL,NULL,NULL,NULL,NULL,NULL,NULL,NULL,NULL,NULL,NULL,NULL,NULL,NULL,14913.8,3000,14913.8,510,1000,170,999,700,NULL,3.44496153846,NULL,NULL,0.192307692308,NULL,2.60730769231,14558,NULL,NULL,NULL,NULL,NULL,NULL,NULL,NULL,NULL,NULL,NULL,13728,NULL,NULL,NULL,NULL,NULL,NULL,NULL,NULL,NULL),(97,36,4,NULL,NULL,NULL,NULL,NULL,NULL,NULL,NULL,NULL,NULL,NULL,NULL,NULL,NULL,NULL,NULL,NULL,NULL,NULL,NULL,NULL,NULL,NULL,NULL,NULL,NULL,NULL,NULL,NULL,NULL,NULL,NULL,NULL,NULL,NULL,NULL,NULL,NULL,NULL,NULL,14913.8,3000,14913.8,510,1000,170,999,700,NULL,3.44496153846,NULL,NULL,0.192307692308,NULL,2.60730769231,14558,NULL,NULL,NULL,NULL,NULL,NULL,NULL,NULL,NULL,NULL,NULL,13728,NULL,NULL,NULL,NULL,NULL,NULL,NULL,NULL,NULL),(85,2,1,NULL,NULL,NULL,NULL,NULL,NULL,NULL,NULL,NULL,NULL,NULL,NULL,NULL,NULL,NULL,NULL,NULL,NULL,NULL,NULL,NULL,NULL,NULL,NULL,NULL,NULL,NULL,NULL,NULL,NULL,NULL,NULL,NULL,NULL,NULL,NULL,NULL,NULL,NULL,NULL,14913.8,3000,14913.8,510,1000,170,999,700,NULL,3.44496153846,NULL,NULL,0.192307692308,NULL,2.60730769231,14558,NULL,NULL,NULL,NULL,NULL,NULL,NULL,NULL,NULL,NULL,NULL,13728,NULL,NULL,NULL,NULL,NULL,NULL,NULL,NULL,NULL),(96,36,3,NULL,NULL,NULL,NULL,NULL,NULL,NULL,NULL,NULL,NULL,NULL,NULL,NULL,NULL,NULL,NULL,NULL,NULL,NULL,NULL,NULL,NULL,NULL,NULL,NULL,NULL,NULL,NULL,NULL,NULL,NULL,NULL,NULL,NULL,NULL,NULL,NULL,NULL,NULL,NULL,14913.8,3000,14913.8,510,1000,170,999,700,NULL,3.44496153846,NULL,NULL,0.192307692308,NULL,2.60730769231,14558,NULL,NULL,NULL,NULL,NULL,NULL,NULL,NULL,NULL,NULL,NULL,13728,NULL,NULL,NULL,NULL,NULL,NULL,NULL,NULL,NULL),(95,36,2,NULL,NULL,NULL,NULL,NULL,NULL,NULL,NULL,NULL,NULL,NULL,NULL,NULL,NULL,NULL,NULL,NULL,NULL,NULL,NULL,NULL,NULL,NULL,NULL,NULL,NULL,NULL,NULL,NULL,NULL,NULL,NULL,NULL,NULL,NULL,NULL,NULL,NULL,NULL,NULL,14913.8,3000,14913.8,510,1000,170,999,700,NULL,3.44496153846,NULL,NULL,0.192307692308,NULL,2.60730769231,14558,NULL,NULL,NULL,NULL,NULL,NULL,NULL,NULL,NULL,NULL,NULL,13728,NULL,NULL,NULL,NULL,NULL,NULL,NULL,NULL,NULL),(86,2,2,NULL,NULL,NULL,NULL,NULL,NULL,NULL,NULL,NULL,NULL,NULL,NULL,NULL,NULL,NULL,NULL,NULL,NULL,NULL,NULL,NULL,NULL,NULL,NULL,NULL,NULL,NULL,NULL,NULL,NULL,NULL,NULL,NULL,NULL,NULL,NULL,NULL,NULL,NULL,NULL,14913.8,3000,14913.8,510,1000,170,999,700,NULL,3.44496153846,NULL,NULL,0.192307692308,NULL,2.60730769231,14558,NULL,NULL,NULL,NULL,NULL,NULL,NULL,NULL,NULL,NULL,NULL,13728,NULL,NULL,NULL,NULL,NULL,NULL,NULL,NULL,NULL),(87,2,3,NULL,NULL,NULL,NULL,NULL,NULL,NULL,NULL,NULL,NULL,NULL,NULL,NULL,NULL,NULL,NULL,NULL,NULL,NULL,NULL,NULL,NULL,NULL,NULL,NULL,NULL,NULL,NULL,NULL,NULL,NULL,NULL,NULL,NULL,NULL,NULL,NULL,NULL,NULL,NULL,14913.8,3000,14913.8,510,1000,170,999,700,NULL,3.44496153846,NULL,NULL,0.192307692308,NULL,2.60730769231,14558,NULL,NULL,NULL,NULL,NULL,NULL,NULL,NULL,NULL,NULL,NULL,13728,NULL,NULL,NULL,NULL,NULL,NULL,NULL,NULL,NULL),(58,2,1,NULL,NULL,NULL,NULL,NULL,NULL,NULL,NULL,NULL,NULL,NULL,NULL,NULL,NULL,NULL,NULL,NULL,NULL,NULL,NULL,NULL,NULL,NULL,NULL,NULL,NULL,NULL,NULL,NULL,NULL,NULL,NULL,NULL,NULL,NULL,NULL,NULL,NULL,NULL,NULL,14913.8,3000,14913.8,510,1000,170,999,700,NULL,3.44496153846,NULL,NULL,0.192307692308,NULL,2.60730769231,14558,NULL,NULL,NULL,NULL,NULL,NULL,NULL,NULL,NULL,NULL,NULL,13728,NULL,NULL,NULL,NULL,NULL,NULL,NULL,NULL,NULL),(90,36,0,NULL,NULL,NULL,NULL,NULL,NULL,NULL,NULL,NULL,NULL,NULL,NULL,NULL,NULL,NULL,NULL,NULL,NULL,NULL,NULL,NULL,NULL,NULL,NULL,NULL,NULL,NULL,NULL,NULL,NULL,NULL,NULL,NULL,NULL,NULL,NULL,NULL,NULL,NULL,NULL,14913.8,3000,14913.8,510,1000,170,999,700,NULL,3.44496153846,NULL,NULL,0.192307692308,NULL,2.60730769231,14558,NULL,NULL,NULL,NULL,NULL,NULL,NULL,NULL,NULL,NULL,NULL,13728,NULL,NULL,NULL,NULL,NULL,NULL,NULL,NULL,NULL),(76,2,2,NULL,NULL,NULL,NULL,NULL,NULL,NULL,NULL,NULL,NULL,NULL,NULL,NULL,NULL,NULL,NULL,NULL,NULL,NULL,NULL,NULL,NULL,NULL,NULL,NULL,NULL,NULL,NULL,NULL,NULL,NULL,NULL,NULL,NULL,NULL,NULL,NULL,NULL,NULL,NULL,14913.8,3000,14913.8,510,1000,170,999,700,NULL,3.44496153846,NULL,NULL,0.192307692308,NULL,2.60730769231,14558,NULL,NULL,NULL,NULL,NULL,NULL,NULL,NULL,NULL,NULL,NULL,13728,NULL,NULL,NULL,NULL,NULL,NULL,NULL,NULL,NULL),(88,2,3,NULL,NULL,NULL,NULL,NULL,NULL,NULL,NULL,NULL,NULL,NULL,NULL,NULL,NULL,NULL,NULL,NULL,NULL,NULL,NULL,NULL,NULL,NULL,NULL,NULL,NULL,NULL,NULL,NULL,NULL,NULL,NULL,NULL,NULL,NULL,NULL,NULL,NULL,NULL,NULL,14913.8,3000,14913.8,510,1000,170,999,700,NULL,3.44496153846,NULL,NULL,0.192307692308,NULL,2.60730769231,14558,NULL,NULL,NULL,NULL,NULL,NULL,NULL,NULL,NULL,NULL,NULL,13728,NULL,NULL,NULL,NULL,NULL,NULL,NULL,NULL,NULL),(89,2,4,NULL,NULL,NULL,NULL,NULL,NULL,NULL,NULL,NULL,NULL,NULL,NULL,NULL,NULL,NULL,NULL,NULL,NULL,NULL,NULL,NULL,NULL,NULL,NULL,NULL,NULL,NULL,NULL,NULL,NULL,NULL,NULL,NULL,NULL,NULL,NULL,NULL,NULL,NULL,NULL,14913.8,3000,14913.8,510,1000,170,999,700,NULL,3.44496153846,NULL,NULL,0.192307692308,NULL,2.60730769231,14558,NULL,NULL,NULL,NULL,NULL,NULL,NULL,NULL,NULL,NULL,NULL,13728,NULL,NULL,NULL,NULL,NULL,NULL,NULL,NULL,NULL),(91,36,1,NULL,NULL,NULL,NULL,NULL,NULL,NULL,NULL,NULL,NULL,NULL,NULL,NULL,NULL,NULL,NULL,NULL,NULL,NULL,NULL,NULL,NULL,NULL,NULL,NULL,NULL,NULL,NULL,NULL,NULL,NULL,NULL,NULL,NULL,NULL,NULL,NULL,NULL,NULL,NULL,14913.8,3000,14913.8,510,1000,170,999,700,NULL,3.44496153846,NULL,NULL,0.192307692308,NULL,2.60730769231,14558,NULL,NULL,NULL,NULL,NULL,NULL,NULL,NULL,NULL,NULL,NULL,13728,NULL,NULL,NULL,NULL,NULL,NULL,NULL,NULL,NULL),(92,36,2,NULL,NULL,NULL,NULL,NULL,NULL,NULL,NULL,NULL,NULL,NULL,NULL,NULL,NULL,NULL,NULL,NULL,NULL,NULL,NULL,NULL,NULL,NULL,NULL,NULL,NULL,NULL,NULL,NULL,NULL,NULL,NULL,NULL,NULL,NULL,NULL,NULL,NULL,NULL,NULL,14913.8,3000,14913.8,510,1000,170,999,700,NULL,3.44496153846,NULL,NULL,0.192307692308,NULL,2.60730769231,14558,NULL,NULL,NULL,NULL,NULL,NULL,NULL,NULL,NULL,NULL,NULL,13728,NULL,NULL,NULL,NULL,NULL,NULL,NULL,NULL,NULL),(93,36,3,NULL,NULL,NULL,NULL,NULL,NULL,NULL,NULL,NULL,NULL,NULL,NULL,NULL,NULL,NULL,NULL,NULL,NULL,NULL,NULL,NULL,NULL,NULL,NULL,NULL,NULL,NULL,NULL,NULL,NULL,NULL,NULL,NULL,NULL,NULL,NULL,NULL,NULL,NULL,NULL,14913.8,3000,14913.8,510,1000,170,999,700,NULL,3.44496153846,NULL,NULL,0.192307692308,NULL,2.60730769231,14558,NULL,NULL,NULL,NULL,NULL,NULL,NULL,NULL,NULL,NULL,NULL,13728,NULL,NULL,NULL,NULL,NULL,NULL,NULL,NULL,NULL);
UNLOCK TABLES;
/*!40000 ALTER TABLE cgeneraldata ENABLE KEYS */;

--
-- Table structure for table `cgenerationhc`
--

DROP TABLE IF EXISTS cgenerationhc;
CREATE TABLE cgenerationhc (
  CGenerationHC_ID int(10) unsigned NOT NULL auto_increment,
  Questionnaire_id int(10) unsigned default NULL,
  AlternativeProposalNo int(10) unsigned default '0',
  QGenerationHC_id int(10) unsigned default NULL,
  Nequip int(11) default NULL,
  USHj double default NULL,
  FETj double default NULL,
  QHXEq double default NULL,
  HGEffAvg double default NULL,
  CascadeIndex int(11) NOT NULL default '0',
  HPerYearEq double default NULL,
  HPExHeatCOP double default NULL,
  Price double default NULL,
  TurnKeyPrice double default NULL,
  OandMvar double default NULL,
  OandMfix double default NULL,
  PRIMARY KEY  (CGenerationHC_ID)
) TYPE=MyISAM;

--
-- Dumping data for table `cgenerationhc`
--


/*!40000 ALTER TABLE cgenerationhc DISABLE KEYS */;
LOCK TABLES cgenerationhc WRITE;
INSERT INTO cgenerationhc VALUES (1,2,0,1,1,375,513.7,NULL,NULL,1,NULL,NULL,NULL,NULL,NULL,NULL),(2,2,0,2,1,3965.57,5287.43,NULL,NULL,2,NULL,NULL,NULL,NULL,NULL,NULL),(3,2,0,3,1,2800,3500,NULL,NULL,3,NULL,NULL,NULL,NULL,NULL,NULL),(4,2,0,4,1,2626.52,3164.48,NULL,NULL,4,NULL,NULL,NULL,NULL,NULL,NULL),(5,2,0,5,1,800,266.67,NULL,NULL,5,NULL,NULL,NULL,NULL,NULL,NULL),(6,3,0,6,NULL,99,99,NULL,NULL,6,NULL,NULL,NULL,NULL,NULL,NULL),(7,3,0,7,NULL,99,99,NULL,NULL,6,NULL,NULL,NULL,NULL,NULL,NULL),(8,3,0,8,NULL,99,99,NULL,NULL,8,NULL,NULL,NULL,NULL,NULL,NULL),(9,3,0,9,NULL,99,99,NULL,NULL,8,NULL,NULL,NULL,NULL,NULL,NULL),(10,3,0,10,NULL,99,99,NULL,NULL,10,NULL,NULL,NULL,NULL,NULL,NULL),(11,3,0,11,NULL,99,99,NULL,NULL,11,NULL,NULL,NULL,NULL,NULL,NULL),(86,99,0,86,NULL,NULL,NULL,NULL,NULL,6,NULL,NULL,NULL,NULL,NULL,NULL),(616,2,4,585,NULL,NULL,NULL,NULL,NULL,10,NULL,NULL,NULL,NULL,NULL,NULL),(84,99,0,84,NULL,NULL,NULL,NULL,NULL,6,NULL,NULL,NULL,NULL,NULL,NULL),(83,99,0,83,NULL,NULL,NULL,NULL,NULL,6,NULL,NULL,NULL,NULL,NULL,NULL),(85,99,0,85,NULL,NULL,NULL,NULL,NULL,6,NULL,NULL,NULL,NULL,NULL,NULL),(87,99,0,87,NULL,NULL,NULL,NULL,NULL,6,NULL,NULL,NULL,NULL,NULL,NULL),(615,2,4,586,NULL,NULL,NULL,NULL,NULL,11,NULL,NULL,NULL,NULL,NULL,NULL),(545,36,2,5,1,800,266.67,NULL,NULL,5,NULL,NULL,NULL,NULL,NULL,NULL),(538,36,3,1,1,375,513.7,NULL,NULL,1,NULL,NULL,NULL,NULL,NULL,NULL),(550,36,4,1,1,375,513.7,NULL,NULL,1,NULL,NULL,NULL,NULL,NULL,NULL),(522,2,3,1,1,375,513.7,NULL,NULL,1,NULL,NULL,NULL,NULL,NULL,NULL),(549,36,1,4,1,2626.52,3164.48,NULL,NULL,4,NULL,NULL,NULL,NULL,NULL,NULL),(515,2,3,4,1,2626.52,3164.48,NULL,NULL,4,NULL,NULL,NULL,NULL,NULL,NULL),(548,36,3,2,1,3965.57,5287.43,NULL,NULL,2,NULL,NULL,NULL,NULL,NULL,NULL),(547,36,1,4,1,2626.52,3164.48,NULL,NULL,4,NULL,NULL,NULL,NULL,NULL,NULL),(521,2,3,1,1,375,513.7,NULL,NULL,1,NULL,NULL,NULL,NULL,NULL,NULL),(546,36,1,5,1,800,266.67,NULL,NULL,5,NULL,NULL,NULL,NULL,NULL,NULL),(514,2,3,5,1,800,266.67,NULL,NULL,5,NULL,NULL,NULL,NULL,NULL,NULL),(555,36,2,4,1,2626.52,3164.48,NULL,NULL,4,NULL,NULL,NULL,NULL,NULL,NULL),(512,2,2,5,1,800,266.67,NULL,NULL,5,NULL,NULL,NULL,NULL,NULL,NULL),(554,36,1,3,1,2800,3500,NULL,NULL,3,NULL,NULL,NULL,NULL,NULL,NULL),(537,36,0,5,1,800,266.67,NULL,NULL,5,NULL,NULL,NULL,NULL,NULL,NULL),(553,36,3,5,1,800,266.67,NULL,NULL,5,NULL,NULL,NULL,NULL,NULL,NULL),(507,2,1,5,1,800,266.67,NULL,NULL,5,NULL,NULL,NULL,NULL,NULL,NULL),(552,36,3,2,1,3965.57,5287.43,NULL,NULL,2,NULL,NULL,NULL,NULL,NULL,NULL),(482,2,2,5,1,800,266.67,NULL,NULL,5,NULL,NULL,NULL,NULL,NULL,NULL),(551,36,1,3,1,2800,3500,NULL,NULL,3,NULL,NULL,NULL,NULL,NULL,NULL),(487,2,1,5,1,800,266.67,NULL,NULL,5,NULL,NULL,NULL,NULL,NULL,NULL),(560,36,4,3,1,2800,3500,NULL,NULL,3,NULL,NULL,NULL,NULL,NULL,NULL),(506,2,1,4,1,2626.52,3164.48,NULL,NULL,4,NULL,NULL,NULL,NULL,NULL,NULL),(559,36,1,2,1,3965.57,5287.43,NULL,NULL,2,NULL,NULL,NULL,NULL,NULL,NULL),(520,2,3,2,1,3965.57,5287.43,NULL,NULL,2,NULL,NULL,NULL,NULL,NULL,NULL),(558,36,2,3,1,2800,3500,NULL,NULL,3,NULL,NULL,NULL,NULL,NULL,NULL),(486,2,1,4,1,2626.52,3164.48,NULL,NULL,4,NULL,NULL,NULL,NULL,NULL,NULL),(557,36,2,5,1,800,266.67,NULL,NULL,5,NULL,NULL,NULL,NULL,NULL,NULL),(611,2,4,582,NULL,NULL,NULL,NULL,NULL,7,NULL,NULL,NULL,NULL,NULL,NULL),(556,36,3,3,1,2800,3500,NULL,NULL,3,NULL,NULL,NULL,NULL,NULL,NULL),(505,2,1,3,1,2800,3500,NULL,NULL,3,NULL,NULL,NULL,NULL,NULL,NULL),(565,36,5,4,1,2626.52,3164.48,NULL,NULL,4,NULL,NULL,NULL,NULL,NULL,NULL),(519,2,3,2,1,3965.57,5287.43,NULL,NULL,2,NULL,NULL,NULL,NULL,NULL,NULL),(564,36,2,2,1,3965.57,5287.43,NULL,NULL,2,NULL,NULL,NULL,NULL,NULL,NULL),(536,36,0,4,1,2626.52,3164.48,NULL,NULL,4,NULL,NULL,NULL,NULL,NULL,NULL),(563,36,5,5,1,800,266.67,NULL,NULL,5,NULL,NULL,NULL,NULL,NULL,NULL),(513,2,3,5,1,800,266.67,NULL,NULL,5,NULL,NULL,NULL,NULL,NULL,NULL),(562,36,3,3,1,2800,3500,NULL,NULL,3,NULL,NULL,NULL,NULL,NULL,NULL),(485,2,1,3,1,2800,3500,NULL,NULL,3,NULL,NULL,NULL,NULL,NULL,NULL),(561,36,2,4,1,2626.52,3164.48,NULL,NULL,4,NULL,NULL,NULL,NULL,NULL,NULL),(511,2,2,4,1,2626.52,3164.48,NULL,NULL,4,NULL,NULL,NULL,NULL,NULL,NULL),(570,36,2,3,1,2800,3500,NULL,NULL,3,NULL,NULL,NULL,NULL,NULL,NULL),(518,2,3,3,1,2800,3500,NULL,NULL,3,NULL,NULL,NULL,NULL,NULL,NULL),(569,36,4,5,1,800,266.67,NULL,NULL,5,NULL,NULL,NULL,NULL,NULL,NULL),(502,2,2,5,1,800,266.67,NULL,NULL,5,NULL,NULL,NULL,NULL,NULL,NULL),(568,36,5,3,1,2800,3500,NULL,NULL,3,NULL,NULL,NULL,NULL,NULL,NULL),(510,2,2,3,1,2800,3500,NULL,NULL,3,NULL,NULL,NULL,NULL,NULL,NULL),(567,36,4,2,1,3965.57,5287.43,NULL,NULL,2,NULL,NULL,NULL,NULL,NULL,NULL),(504,2,1,2,1,3965.57,5287.43,NULL,NULL,2,NULL,NULL,NULL,NULL,NULL,NULL),(566,36,1,2,1,3965.57,5287.43,NULL,NULL,2,NULL,NULL,NULL,NULL,NULL,NULL),(575,36,2,2,1,3965.57,5287.43,NULL,NULL,2,NULL,NULL,NULL,NULL,NULL,NULL),(501,2,2,4,1,2626.52,3164.48,NULL,NULL,4,NULL,NULL,NULL,NULL,NULL,NULL),(574,36,3,4,1,2626.52,3164.48,NULL,NULL,4,NULL,NULL,NULL,NULL,NULL,NULL),(517,2,3,3,1,2800,3500,NULL,NULL,3,NULL,NULL,NULL,NULL,NULL,NULL),(573,36,1,1,1,375,513.7,NULL,NULL,1,NULL,NULL,NULL,NULL,NULL,NULL),(477,2,5,5,1,800,266.67,NULL,NULL,5,NULL,NULL,NULL,NULL,NULL,NULL),(572,36,5,2,1,3965.57,5287.43,NULL,NULL,2,NULL,NULL,NULL,NULL,NULL,NULL),(509,2,2,2,1,3965.57,5287.43,NULL,NULL,2,NULL,NULL,NULL,NULL,NULL,NULL),(571,36,2,1,1,375,513.7,NULL,NULL,1,NULL,NULL,NULL,NULL,NULL,NULL),(535,36,0,3,1,2800,3500,NULL,NULL,3,NULL,NULL,NULL,NULL,NULL,NULL),(584,2,0,584,NULL,NULL,NULL,NULL,NULL,9,NULL,NULL,NULL,NULL,NULL,NULL),(476,2,5,4,1,2626.52,3164.48,NULL,NULL,4,NULL,NULL,NULL,NULL,NULL,NULL),(583,2,0,583,NULL,NULL,NULL,NULL,NULL,8,NULL,NULL,NULL,NULL,NULL,NULL),(484,2,1,2,1,3965.57,5287.43,NULL,NULL,2,NULL,NULL,NULL,NULL,NULL,NULL),(582,2,0,582,NULL,NULL,NULL,NULL,NULL,7,NULL,NULL,NULL,NULL,NULL,NULL),(610,2,4,583,NULL,NULL,NULL,NULL,NULL,8,NULL,NULL,NULL,NULL,NULL,NULL),(580,2,0,580,NULL,NULL,NULL,NULL,NULL,6,NULL,NULL,NULL,NULL,NULL,NULL),(534,36,0,2,1,3965.57,5287.43,NULL,NULL,2,NULL,NULL,NULL,NULL,NULL,NULL),(576,36,1,1,1,375,513.7,NULL,NULL,1,NULL,NULL,NULL,NULL,NULL,NULL),(475,2,5,3,1,2800,3500,NULL,NULL,3,NULL,NULL,NULL,NULL,NULL,NULL),(609,2,4,584,NULL,NULL,NULL,NULL,NULL,9,NULL,NULL,NULL,NULL,NULL,NULL),(589,2,0,589,NULL,NULL,NULL,NULL,NULL,13,NULL,NULL,NULL,NULL,NULL,NULL),(500,2,2,3,1,2800,3500,NULL,NULL,3,NULL,NULL,NULL,NULL,NULL,NULL),(587,2,0,587,NULL,NULL,NULL,NULL,NULL,12,NULL,NULL,NULL,NULL,NULL,NULL),(533,36,0,1,1,375,513.7,NULL,NULL,1,NULL,NULL,NULL,NULL,NULL,NULL),(586,2,0,586,NULL,NULL,NULL,NULL,NULL,11,NULL,NULL,NULL,NULL,NULL,NULL),(508,2,2,1,1,375,513.7,NULL,NULL,1,NULL,NULL,NULL,NULL,NULL,NULL),(585,2,0,585,NULL,NULL,NULL,NULL,NULL,10,NULL,NULL,NULL,NULL,NULL,NULL),(474,2,5,2,1,3965.57,5287.43,NULL,NULL,2,NULL,NULL,NULL,NULL,NULL,NULL),(541,36,3,1,1,375,513.7,NULL,NULL,1,NULL,NULL,NULL,NULL,NULL,NULL),(608,2,4,5,1,800,266.67,NULL,NULL,5,NULL,NULL,NULL,NULL,NULL,NULL),(503,2,1,1,1,375,513.7,NULL,NULL,1,NULL,NULL,NULL,NULL,NULL,NULL),(540,36,4,2,1,3965.57,5287.43,NULL,NULL,2,NULL,NULL,NULL,NULL,NULL,NULL),(607,2,4,4,1,2626.52,3164.48,NULL,NULL,4,NULL,NULL,NULL,NULL,NULL,NULL),(516,2,3,4,1,2626.52,3164.48,NULL,NULL,4,NULL,NULL,NULL,NULL,NULL,NULL),(539,36,3,4,1,2626.52,3164.48,NULL,NULL,4,NULL,NULL,NULL,NULL,NULL,NULL),(606,2,4,3,1,2800,3500,NULL,NULL,3,NULL,NULL,NULL,NULL,NULL,NULL),(544,36,1,5,1,800,266.67,NULL,NULL,5,NULL,NULL,NULL,NULL,NULL,NULL),(499,2,2,2,1,3965.57,5287.43,NULL,NULL,2,NULL,NULL,NULL,NULL,NULL,NULL),(605,2,4,2,1,3965.57,5287.43,NULL,NULL,2,NULL,NULL,NULL,NULL,NULL,NULL),(543,36,2,5,1,800,266.67,NULL,NULL,5,NULL,NULL,NULL,NULL,NULL,NULL),(483,2,1,1,1,375,513.7,NULL,NULL,1,NULL,NULL,NULL,NULL,NULL,NULL),(604,2,4,1,1,375,513.7,NULL,NULL,1,NULL,NULL,NULL,NULL,NULL,NULL),(542,36,3,5,1,800,266.67,NULL,NULL,5,NULL,NULL,NULL,NULL,NULL,NULL),(602,2,4,585,NULL,NULL,NULL,NULL,NULL,10,NULL,NULL,NULL,NULL,NULL,NULL);
UNLOCK TABLES;
/*!40000 ALTER TABLE cgenerationhc ENABLE KEYS */;

--
-- Table structure for table `cprocessdata`
--

DROP TABLE IF EXISTS cprocessdata;
CREATE TABLE cprocessdata (
  CProcessData_ID int(10) unsigned NOT NULL auto_increment,
  Questionnaire_id int(10) unsigned default NULL,
  AlternativeProposalNo int(10) unsigned default '0',
  QProcessData_id int(10) unsigned default NULL,
  UPH double default NULL,
  UPHc double default NULL,
  UPHm double default NULL,
  UPHs double default NULL,
  UPHw double default NULL,
  UPHp double default NULL,
  UPHmin double default NULL,
  ProcHC int(11) default NULL,
  UPCtot double default NULL,
  UPCnet double default NULL,
  PMU varchar(45) default NULL,
  MProcMed double default NULL,
  PE_SEC double default NULL,
  EL_SEC double default NULL,
  UPH_SEC double default NULL,
  TEnvProc double default NULL,
  QdotProc_c double default NULL,
  QdotProc_m double default NULL,
  QdotProc_s double default NULL,
  QdotProc_w double default NULL,
  PRIMARY KEY  (CProcessData_ID)
) TYPE=MyISAM;

--
-- Dumping data for table `cprocessdata`
--


/*!40000 ALTER TABLE cprocessdata DISABLE KEYS */;
LOCK TABLES cprocessdata WRITE;
INSERT INTO cprocessdata VALUES (1,1,0,1,2222.46,NULL,NULL,NULL,NULL,NULL,NULL,NULL,NULL,NULL,NULL,NULL,NULL,NULL,NULL,NULL,NULL,NULL,NULL,NULL),(2,1,0,2,950,NULL,NULL,NULL,NULL,NULL,NULL,NULL,NULL,NULL,NULL,NULL,NULL,NULL,NULL,NULL,NULL,NULL,NULL,NULL),(3,1,0,3,2495.19,NULL,NULL,NULL,NULL,NULL,NULL,NULL,NULL,NULL,NULL,NULL,NULL,NULL,NULL,NULL,NULL,NULL,NULL,NULL),(4,1,0,4,2647.56,NULL,NULL,NULL,NULL,NULL,NULL,NULL,NULL,NULL,NULL,NULL,NULL,NULL,NULL,NULL,NULL,NULL,NULL,NULL),(5,1,0,5,300,NULL,NULL,NULL,NULL,NULL,NULL,NULL,NULL,NULL,NULL,NULL,NULL,NULL,NULL,NULL,NULL,NULL,NULL,NULL),(6,1,0,6,750,NULL,NULL,NULL,NULL,NULL,NULL,NULL,NULL,NULL,NULL,NULL,NULL,NULL,NULL,NULL,NULL,NULL,NULL,NULL),(7,1,0,1,2222.46,NULL,NULL,NULL,NULL,NULL,NULL,NULL,NULL,NULL,NULL,NULL,NULL,NULL,NULL,NULL,NULL,NULL,NULL,NULL),(8,1,0,2,950,NULL,NULL,NULL,NULL,NULL,NULL,NULL,NULL,NULL,NULL,NULL,NULL,NULL,NULL,NULL,NULL,NULL,NULL,NULL),(9,1,0,3,2495.19,NULL,NULL,NULL,NULL,NULL,NULL,NULL,NULL,NULL,NULL,NULL,NULL,NULL,NULL,NULL,NULL,NULL,NULL,NULL),(10,1,0,4,2647.56,NULL,NULL,NULL,NULL,NULL,NULL,NULL,NULL,NULL,NULL,NULL,NULL,NULL,NULL,NULL,NULL,NULL,NULL,NULL),(11,1,0,5,300,NULL,NULL,NULL,NULL,NULL,NULL,NULL,NULL,NULL,NULL,NULL,NULL,NULL,NULL,NULL,NULL,NULL,NULL,NULL),(12,1,0,6,750,NULL,NULL,NULL,NULL,NULL,NULL,NULL,NULL,NULL,NULL,NULL,NULL,NULL,NULL,NULL,NULL,NULL,NULL,NULL);
UNLOCK TABLES;
/*!40000 ALTER TABLE cprocessdata ENABLE KEYS */;

--
-- Table structure for table `cproduct`
--

DROP TABLE IF EXISTS cproduct;
CREATE TABLE cproduct (
  CProduct_ID int(10) unsigned NOT NULL auto_increment,
  Questionnaire_id int(10) unsigned default NULL,
  AlternativeProposalNo int(10) unsigned default '0',
  QProduct_id int(10) unsigned default NULL,
  PE_SEC double default NULL,
  EL_SEC double default NULL,
  FUEL_SEC double default NULL,
  PRIMARY KEY  (CProduct_ID)
) TYPE=MyISAM;

--
-- Dumping data for table `cproduct`
--


/*!40000 ALTER TABLE cproduct DISABLE KEYS */;
LOCK TABLES cproduct WRITE;
INSERT INTO cproduct VALUES (1,1,0,10,260,50,100),(2,1,0,11,2300,400,1000),(3,1,0,12,260,50,100),(4,2,0,10,271.18,51.36,102.73),(5,2,0,11,500.97,105.68,161.36),(6,2,0,12,292.78,55.45,110.91);
UNLOCK TABLES;
/*!40000 ALTER TABLE cproduct ENABLE KEYS */;

--
-- Table structure for table `crenewables`
--

DROP TABLE IF EXISTS crenewables;
CREATE TABLE crenewables (
  CRenewables_ID int(10) unsigned NOT NULL auto_increment,
  Questionnaire_id int(10) unsigned default NULL,
  AlternativeProposalNo int(10) unsigned default '0',
  QRenewables_id int(10) unsigned default NULL,
  PRIMARY KEY  (CRenewables_ID)
) TYPE=MyISAM;

--
-- Dumping data for table `crenewables`
--


/*!40000 ALTER TABLE crenewables DISABLE KEYS */;
LOCK TABLES crenewables WRITE;
UNLOCK TABLES;
/*!40000 ALTER TABLE crenewables ENABLE KEYS */;

--
-- Table structure for table `dbbenchmark`
--

DROP TABLE IF EXISTS dbbenchmark;
CREATE TABLE dbbenchmark (
  DBBenchmark_ID int(10) unsigned NOT NULL auto_increment,
  NaceCode_id int(10) unsigned default NULL,
  UnitOperation_id int(10) unsigned default NULL,
  E_EnergyInt_MIN_PC double default NULL,
  E_EnergyInt_MAX_PC double default NULL,
  E_EnergyInt_TARG_PC double default NULL,
  E_EnergyInt_MIN_T double default NULL,
  E_EnergyInt_MAX_T double default NULL,
  E_EnergyInt_TARG_T double default NULL,
  E_SEC double default NULL,
  E_SEC_TARG double default NULL,
  E_SEC_AVG double default NULL,
  E_Unit varchar(45) default NULL,
  H_EnergyInt_MIN_PC double default NULL,
  H_EnergyInt_MAX_PC double default NULL,
  H_EnergyInt_TARG_PC double default NULL,
  H_EnergyInt_MIN_T double default NULL,
  H_EnergyInt_MAX_T double default NULL,
  H_EnergyInt_TARG_T double default NULL,
  H_SEC double default NULL,
  H_SEC_TARG double default NULL,
  H_SEC_AVG double default NULL,
  H_Unit varchar(45) default NULL,
  T_EnergyInt_MIN_PC double default NULL,
  T_EnergyInt_MAX_PC double default NULL,
  T_EnergyInt_TARG_PC double default NULL,
  T_EnergyInt_MIN_T double default NULL,
  T_EnergyInt_MAX_T double default NULL,
  T_EnergyInt_TARG_T double default NULL,
  T_SEC double default NULL,
  T_SEC_TARG double default NULL,
  T_SEC_AVG double default NULL,
  T_Unit varchar(45) default NULL,
  Comments text,
  YearReference int(10) unsigned default NULL,
  Reference text,
  Literature text,
  DataRelevance varchar(45) default NULL,
  PRIMARY KEY  (DBBenchmark_ID)
) TYPE=MyISAM;

--
-- Dumping data for table `dbbenchmark`
--


/*!40000 ALTER TABLE dbbenchmark DISABLE KEYS */;
LOCK TABLES dbbenchmark WRITE;
INSERT INTO dbbenchmark VALUES (1,0,0,NULL,NULL,NULL,NULL,NULL,NULL,NULL,NULL,NULL,NULL,NULL,NULL,NULL,NULL,NULL,NULL,NULL,NULL,NULL,NULL,NULL,NULL,NULL,NULL,NULL,NULL,NULL,NULL,NULL,NULL,NULL,NULL,NULL,NULL,NULL),(2,0,0,NULL,NULL,NULL,NULL,NULL,NULL,NULL,NULL,NULL,NULL,NULL,NULL,NULL,NULL,NULL,NULL,NULL,NULL,NULL,NULL,NULL,NULL,NULL,NULL,NULL,NULL,NULL,NULL,NULL,NULL,NULL,NULL,NULL,NULL,NULL);
UNLOCK TABLES;
/*!40000 ALTER TABLE dbbenchmark ENABLE KEYS */;

--
-- Table structure for table `dbboiler`
--

DROP TABLE IF EXISTS dbboiler;
CREATE TABLE dbboiler (
  DBBoiler_ID int(10) unsigned NOT NULL auto_increment,
  BoilerManufacturer varchar(45) default NULL,
  BoilerModel varchar(45) default NULL,
  BoilerType varchar(45) default NULL,
  BBPnom double default NULL,
  Economiser varchar(45) default NULL,
  Preheater varchar(45) default NULL,
  BBEfficiency double default NULL,
  BoilerTemp double default NULL,
  BBA1 double default NULL,
  BBA2 double default NULL,
  BBK1 double default NULL,
  BBK2 double default NULL,
  BoilerPrice double default NULL,
  BoilerTurnKeyPrice double default NULL,
  BoilerOandMfix double default NULL,
  BoilerOandMvar double default NULL,
  PRIMARY KEY  (DBBoiler_ID)
) TYPE=MyISAM;

--
-- Dumping data for table `dbboiler`
--


/*!40000 ALTER TABLE dbboiler DISABLE KEYS */;
LOCK TABLES dbboiler WRITE;
UNLOCK TABLES;
/*!40000 ALTER TABLE dbboiler ENABLE KEYS */;

--
-- Table structure for table `dbchp`
--

DROP TABLE IF EXISTS dbchp;
CREATE TABLE dbchp (
  DBCHP_ID int(10) unsigned NOT NULL auto_increment,
  CHPequip varchar(45) default NULL,
  CHPPe double default NULL,
  CHPPt double default NULL,
  FuelConsum double default NULL,
  Eta_e double default NULL,
  Eta_t double default NULL,
  InvRate double default NULL,
  OMRateFix double default NULL,
  OMRateVar double default NULL,
  PRIMARY KEY  (DBCHP_ID)
) TYPE=MyISAM;

--
-- Dumping data for table `dbchp`
--


/*!40000 ALTER TABLE dbchp DISABLE KEYS */;
LOCK TABLES dbchp WRITE;
UNLOCK TABLES;
/*!40000 ALTER TABLE dbchp ENABLE KEYS */;

--
-- Table structure for table `dbfluid`
--

DROP TABLE IF EXISTS dbfluid;
CREATE TABLE dbfluid (
  DBFluid_ID int(10) unsigned NOT NULL auto_increment,
  FluidName varchar(45) default NULL,
  FluidCp double default NULL,
  FluidDensity double default NULL,
  FluidComment varchar(200) default NULL,
  PRIMARY KEY  (DBFluid_ID)
) TYPE=MyISAM;

--
-- Dumping data for table `dbfluid`
--


/*!40000 ALTER TABLE dbfluid DISABLE KEYS */;
LOCK TABLES dbfluid WRITE;
INSERT INTO dbfluid VALUES (1,'Water',4.19,1000,NULL),(2,'Steam',NULL,NULL,NULL),(3,'Air',1.2,1.012,NULL),(4,'Thermal Oil',2,850,'Einstein default');
UNLOCK TABLES;
/*!40000 ALTER TABLE dbfluid ENABLE KEYS */;

--
-- Table structure for table `dbfuel`
--

DROP TABLE IF EXISTS dbfuel;
CREATE TABLE dbfuel (
  DBFuel_ID int(10) unsigned NOT NULL auto_increment,
  FuelName varchar(45) default NULL,
  DBFuelUnit varchar(45) default NULL,
  FuelCode varchar(45) default NULL,
  FuelLCV double default NULL,
  FuelHCV double default NULL,
  tCO2 double default NULL,
  FuelDensity double default NULL,
  ConversPrimEnergy double default NULL,
  FuelDataSource varchar(200) default NULL,
  FuelComment varchar(200) default NULL,
  PRIMARY KEY  (DBFuel_ID)
) TYPE=MyISAM;

--
-- Dumping data for table `dbfuel`
--


/*!40000 ALTER TABLE dbfuel DISABLE KEYS */;
LOCK TABLES dbfuel WRITE;
INSERT INTO dbfuel VALUES (1,'Natural Gas',NULL,NULL,NULL,NULL,NULL,NULL,NULL,NULL,NULL),(2,'HFO',NULL,NULL,NULL,NULL,NULL,NULL,NULL,NULL,NULL),(3,'Natural gas','m3','NG',9.94,0,0.25,0,1.1,'Poship tool',NULL),(4,'Liquid petroleum gas','kg','LPG',12.56,0,0.25,0,1.1,'Poship tool',NULL),(5,'Heavy fuel oil','kg','HFO',11,0,0.25,0,1.1,'Poship tool',NULL),(6,'Butane','kg','BUT',12.5,0,0.25,0,1.1,'Poship tool',NULL),(7,'Propane','kg','PRO',12.5,0,0.25,0,1.1,'Poship tool',NULL),(8,'Gas oil','kg','GO',11,0,0.25,0,1.1,'Poship tool',NULL),(9,'Electricity','MWh','EL',1000,1000,0.7,0,1.1,'Poship tool',NULL);
UNLOCK TABLES;
/*!40000 ALTER TABLE dbfuel ENABLE KEYS */;

--
-- Table structure for table `dbheatpump`
--

DROP TABLE IF EXISTS dbheatpump;
CREATE TABLE dbheatpump (
  DBHeatPump_ID int(10) unsigned NOT NULL auto_increment,
  HPManData varchar(45) default NULL,
  HPManufacturer varchar(45) default NULL,
  HPModel varchar(45) default NULL,
  DBFuel_id int(10) unsigned default NULL,
  HPFuelConsum double default NULL,
  HPUnitsFuelConsum varchar(45) default NULL,
  HPYearManufact double default NULL,
  HPType varchar(45) default NULL,
  HPSubType varchar(45) default NULL,
  HPAbsEffects varchar(45) default NULL,
  HPAbsHeatMed varchar(45) default NULL,
  HPWorkFluid varchar(45) default NULL,
  HPCoolCap double default NULL,
  HPCoolCOP double default NULL,
  HPExCoolCOP double default NULL,
  HPThCoolCOP double default NULL,
  HPConstExCoolCOP double default NULL,
  HPAbsTinC double default NULL,
  HPCondTinC double default NULL,
  HPGenTinC double default NULL,
  HPEvapTinC double default NULL,
  HPHeatCap double default NULL,
  HPHeatCOP double default NULL,
  HPExHeatCOP double default NULL,
  HPThHeatCOP double default NULL,
  HPConstExHeatCOP double default NULL,
  HPAbsTinH double default NULL,
  HPCondTinH double default NULL,
  HPGenTinH double default NULL,
  HPEvapTinH double default NULL,
  HPLimDT double default NULL,
  HPGenTmin double default NULL,
  HPCondTmax double default NULL,
  HPEvapTmin double default NULL,
  HPElectConsum double default NULL,
  HPPrice double default NULL,
  HPTurnKeyPrice double default NULL,
  HPOandMfix double default NULL,
  HPOandMvar double default NULL,
  HPYearUpdate int(11) default NULL,
  PRIMARY KEY  (DBHeatPump_ID)
) TYPE=MyISAM;

--
-- Dumping data for table `dbheatpump`
--


/*!40000 ALTER TABLE dbheatpump DISABLE KEYS */;
LOCK TABLES dbheatpump WRITE;
INSERT INTO dbheatpump VALUES (1,'Carrier',NULL,'CX300',NULL,NULL,NULL,NULL,'compression',NULL,NULL,NULL,NULL,NULL,NULL,NULL,NULL,NULL,NULL,NULL,NULL,NULL,NULL,NULL,NULL,NULL,NULL,NULL,NULL,NULL,NULL,NULL,NULL,NULL,NULL,NULL,NULL,NULL,NULL,NULL,NULL),(2,'HC','EINSTEIN','EINSTEIN',NULL,NULL,NULL,NULL,'compression','water-water',NULL,NULL,'R407C',8.6,2.24,0.258,8.69,20,NULL,30,NULL,12,10,2.8,0.411,6.81,20,NULL,40,NULL,7,65,NULL,52,-18,NULL,1670,NULL,NULL,NULL,2008),(3,'HC','EINSTEIN','EINSTEIN',NULL,NULL,NULL,NULL,'compression','water-water',NULL,NULL,'R407C',12.9,2.28,0.262,8.69,20,NULL,30,NULL,12,15,2.85,0.419,6.81,20,NULL,40,NULL,7,65,NULL,52,-18,NULL,2390,NULL,NULL,NULL,2008),(4,'HC','EINSTEIN','EINSTEIN',NULL,NULL,NULL,NULL,'compression','water-water',NULL,NULL,'R407C',17.2,2.32,0.267,8.69,20,NULL,30,NULL,12,20,2.9,0.426,6.81,20,NULL,40,NULL,7,65,NULL,52,-18,NULL,3100,NULL,NULL,NULL,2008),(5,'HC','EINSTEIN','EINSTEIN',NULL,NULL,NULL,NULL,'compression','water-water',NULL,NULL,'R407C',25.8,2.36,0.272,8.69,20,NULL,30,NULL,12,30,2.95,0.433,6.81,20,NULL,40,NULL,7,65,NULL,52,-18,NULL,4415,NULL,NULL,NULL,2008),(6,'HC','EINSTEIN','EINSTEIN',NULL,NULL,NULL,NULL,'compression','water-water',NULL,NULL,'R407C',43,2.4,0.276,8.69,20,NULL,30,NULL,12,50,3,0.441,6.81,20,NULL,40,NULL,7,65,NULL,52,-18,NULL,6940,NULL,NULL,NULL,2008),(7,'HC','EINSTEIN','EINSTEIN',NULL,NULL,NULL,NULL,'compression','water-water',NULL,NULL,'R407C',86,2.42,0.279,8.69,20,NULL,30,NULL,12,100,3.03,0.445,6.81,20,NULL,40,NULL,7,65,NULL,52,-18,NULL,12824,NULL,NULL,NULL,2008),(8,'HC','EINSTEIN','EINSTEIN',NULL,NULL,NULL,NULL,'compression','water-water',NULL,NULL,'R407C',129,2.45,0.282,8.69,20,NULL,30,NULL,12,150,3.06,0.449,6.81,20,NULL,40,NULL,7,65,NULL,52,-18,NULL,18366,NULL,NULL,NULL,2008),(9,'HC','EINSTEIN','EINSTEIN',NULL,NULL,NULL,NULL,'compression','water-water',NULL,NULL,'R407C',172,2.48,0.285,8.69,20,NULL,30,NULL,12,200,3.1,0.455,6.81,20,NULL,40,NULL,7,65,NULL,52,-18,NULL,23700,NULL,NULL,NULL,2008),(10,'HC','EINSTEIN','EINSTEIN',NULL,NULL,NULL,NULL,'compression','water-water',NULL,NULL,'R407C',258,2.5,0.288,8.69,20,NULL,30,NULL,12,300,3.13,0.46,6.81,20,NULL,40,NULL,7,65,NULL,52,-18,NULL,33950,NULL,NULL,NULL,2008),(11,'HC','EINSTEIN','EINSTEIN',NULL,NULL,NULL,NULL,'compression','water-water',NULL,NULL,'R407C',430,2.53,0.291,8.69,20,NULL,30,NULL,12,500,3.16,0.464,6.81,20,NULL,40,NULL,7,65,NULL,52,-18,NULL,53370,NULL,NULL,NULL,2008),(12,'HC','EINSTEIN','EINSTEIN',NULL,NULL,NULL,NULL,'compression','water-water',NULL,NULL,'R407C',688,2.55,0.294,8.69,20,NULL,30,NULL,12,800,3.19,0.469,6.81,20,NULL,40,NULL,7,65,NULL,52,-18,NULL,80940,NULL,NULL,NULL,2008),(13,'HC','EINSTEIN','EINSTEIN',NULL,NULL,NULL,NULL,'compression','water-water',NULL,NULL,'R407C',860,2.58,0.297,8.69,20,NULL,30,NULL,12,1000,3.22,0.473,6.81,20,NULL,40,NULL,7,65,NULL,52,-18,NULL,98630,NULL,NULL,NULL,2008),(14,'HC','EINSTEIN','EINSTEIN',NULL,NULL,NULL,NULL,'compression','water-water',NULL,NULL,'R407C',1290,2.6,0.299,8.69,20,NULL,30,NULL,12,1500,3.25,0.477,6.81,20,NULL,40,NULL,7,65,NULL,52,-18,NULL,141264,NULL,NULL,NULL,2008),(15,'HC','EINSTEIN','EINSTEIN',NULL,NULL,NULL,NULL,'compression','water-water',NULL,NULL,'R407C',1720,2.62,0.302,8.69,20,NULL,30,NULL,12,2000,3.28,0.482,6.81,20,NULL,40,NULL,7,65,NULL,52,-18,NULL,182274,NULL,NULL,NULL,2008),(16,'HC','EINSTEIN','EINSTEIN',NULL,NULL,NULL,NULL,'compression','water-water',NULL,NULL,'R407C',2580,2.64,0.304,8.69,20,NULL,30,NULL,12,3000,3.3,0.485,6.81,20,NULL,40,NULL,7,65,NULL,52,-18,NULL,261063,NULL,NULL,NULL,2008),(17,'HC','EINSTEIN','EINSTEIN',NULL,NULL,NULL,NULL,'compression','water-water',NULL,NULL,'R407C',4300,2.66,0.307,8.69,20,NULL,30,NULL,12,5000,3.33,0.489,6.81,20,NULL,40,NULL,7,65,NULL,52,-18,NULL,410490,NULL,NULL,NULL,2008),(18,'HC','EINSTEIN','EINSTEIN',NULL,NULL,NULL,NULL,'compression','water-water',NULL,NULL,'R407C',6880,2.69,0.309,8.69,20,NULL,30,NULL,12,8000,3.36,0.494,6.81,20,NULL,40,NULL,7,65,NULL,52,-18,NULL,622518,NULL,NULL,NULL,2008),(19,'HC','EINSTEIN','EINSTEIN',NULL,NULL,NULL,NULL,'compression','water-water',NULL,NULL,'R407C',8600,2.72,0.313,8.69,20,NULL,30,NULL,12,10000,3.4,0.499,6.81,20,NULL,40,NULL,7,65,NULL,52,-18,NULL,758602,NULL,NULL,NULL,2008),(20,'HC','EINSTEIN','EINSTEIN',NULL,NULL,NULL,NULL,'compression','water-water',NULL,NULL,'R407C',10320,2.76,0.318,8.69,20,NULL,30,NULL,12,12000,3.45,0.507,6.81,20,NULL,40,NULL,7,65,NULL,52,-18,NULL,899083,NULL,NULL,NULL,2008),(21,'HC','EINSTEIN','EINSTEIN',NULL,NULL,NULL,NULL,'compression','water-water',NULL,NULL,'R407C',12900,2.8,0.322,8.69,20,NULL,30,NULL,12,15000,3.5,0.514,6.81,20,NULL,40,NULL,7,65,NULL,52,-18,NULL,1086504,NULL,NULL,NULL,2008);
UNLOCK TABLES;
/*!40000 ALTER TABLE dbheatpump ENABLE KEYS */;

--
-- Table structure for table `dbnacecode`
--

DROP TABLE IF EXISTS dbnacecode;
CREATE TABLE dbnacecode (
  DBNaceCode_ID int(10) unsigned NOT NULL auto_increment,
  CodeNACE varchar(45) default NULL,
  CodeNACEsub varchar(45) default NULL,
  NameNACE varchar(200) default NULL,
  NameNACEsub varchar(200) default NULL,
  ProductName varchar(200) default NULL,
  NationalCode varchar(45) default NULL,
  NationalSubCode varchar(45) default NULL,
  NameNationalCode varchar(200) default NULL,
  NameNationalSubCode varchar(200) default NULL,
  PRIMARY KEY  (DBNaceCode_ID)
) TYPE=MyISAM;

--
-- Dumping data for table `dbnacecode`
--


/*!40000 ALTER TABLE dbnacecode DISABLE KEYS */;
LOCK TABLES dbnacecode WRITE;
UNLOCK TABLES;
/*!40000 ALTER TABLE dbnacecode ENABLE KEYS */;

--
-- Table structure for table `dbunitoperation`
--

DROP TABLE IF EXISTS dbunitoperation;
CREATE TABLE dbunitoperation (
  DBUnitOperation_ID int(10) unsigned NOT NULL auto_increment,
  UnitOperation varchar(45) default NULL,
  UnitOperationCode varchar(45) default NULL,
  UnitOperationDescrip varchar(200) default NULL,
  PRIMARY KEY  (DBUnitOperation_ID)
) TYPE=MyISAM;

--
-- Dumping data for table `dbunitoperation`
--


/*!40000 ALTER TABLE dbunitoperation DISABLE KEYS */;
LOCK TABLES dbunitoperation WRITE;
UNLOCK TABLES;
/*!40000 ALTER TABLE dbunitoperation ENABLE KEYS */;

--
-- Table structure for table `ebenchmarkgeneraldata`
--

DROP TABLE IF EXISTS ebenchmarkgeneraldata;
CREATE TABLE ebenchmarkgeneraldata (
  EBenchmarkGeneralData_ID int(10) unsigned NOT NULL auto_increment,
  Questionnaire_id int(10) unsigned default NULL,
  AlternativeProposalNo int(10) unsigned default '0',
  PE_INT_BML double default NULL,
  PE_INT_BMH double default NULL,
  PE_INT_TAR double default NULL,
  PE_INT_REF varchar(45) default NULL,
  EL_INT_BML double default NULL,
  EL_INT_BMH double default NULL,
  EL_INT_TAR double default NULL,
  EL_INT_REF varchar(45) default NULL,
  FUEL_INT_BML double default NULL,
  FUEL_INT_BMH double default NULL,
  FUEL_INT_TAR double default NULL,
  FUEL_INT_REF varchar(45) default NULL,
  ENE_INT_CHK double default NULL,
  ENE_INT_COM double default NULL,
  PRIMARY KEY  (EBenchmarkGeneralData_ID)
) TYPE=MyISAM;

--
-- Dumping data for table `ebenchmarkgeneraldata`
--


/*!40000 ALTER TABLE ebenchmarkgeneraldata DISABLE KEYS */;
LOCK TABLES ebenchmarkgeneraldata WRITE;
UNLOCK TABLES;
/*!40000 ALTER TABLE ebenchmarkgeneraldata ENABLE KEYS */;

--
-- Table structure for table `ebenchmarkprocessdata`
--

DROP TABLE IF EXISTS ebenchmarkprocessdata;
CREATE TABLE ebenchmarkprocessdata (
  EBenchmarkProcessData_ID int(10) unsigned NOT NULL auto_increment,
  Questionnaire_id int(10) unsigned default NULL,
  AlternativeProposalNo int(10) unsigned default '0',
  QProcessData_id int(10) unsigned default NULL,
  PE_UOS_BML double default NULL,
  PE_UOS_BMH double default NULL,
  PE_UOS_TAR double default NULL,
  PE_UOS_REF varchar(45) default NULL,
  EL_UOS_BML double default NULL,
  EL_UOS_BMH double default NULL,
  EL_UOS_TAR double default NULL,
  EL_UOS_REF varchar(45) default NULL,
  UPHS_BML double default NULL,
  UPHS_BMH double default NULL,
  UPHS_TAR double default NULL,
  UPHS_REF varchar(45) default NULL,
  ENE_UOS_CHK varchar(45) default NULL,
  ENE_UOS_COM text,
  PRIMARY KEY  (EBenchmarkProcessData_ID)
) TYPE=MyISAM;

--
-- Dumping data for table `ebenchmarkprocessdata`
--


/*!40000 ALTER TABLE ebenchmarkprocessdata DISABLE KEYS */;
LOCK TABLES ebenchmarkprocessdata WRITE;
UNLOCK TABLES;
/*!40000 ALTER TABLE ebenchmarkprocessdata ENABLE KEYS */;

--
-- Table structure for table `ebenchmarkproductdata`
--

DROP TABLE IF EXISTS ebenchmarkproductdata;
CREATE TABLE ebenchmarkproductdata (
  EBenchmarkProductData_ID int(10) unsigned NOT NULL auto_increment,
  Questionnaire_id int(10) unsigned default NULL,
  AlternativeProposalNo int(10) unsigned default '0',
  QProduct_id int(10) unsigned default NULL,
  PE_SEC_BML double default NULL,
  PE_SEC_BMH double default NULL,
  PE_SEC_TAR double default NULL,
  PE_SEC_REF varchar(45) default NULL,
  EL_SEC_BML double default NULL,
  EL_SEC_BMH double default NULL,
  EL_SEC_TAR double default NULL,
  EL_SEC_REF varchar(45) default NULL,
  FUEL_SEC_BML double default NULL,
  FUEL_SEC_BMH double default NULL,
  FUEL_SEC_TAR double default NULL,
  FUEL_SEC_REF varchar(45) default NULL,
  ENE_SEC_CHK double default NULL,
  ENE_SEC_COM varchar(45) default NULL,
  PRIMARY KEY  (EBenchmarkProductData_ID)
) TYPE=MyISAM;

--
-- Dumping data for table `ebenchmarkproductdata`
--


/*!40000 ALTER TABLE ebenchmarkproductdata DISABLE KEYS */;
LOCK TABLES ebenchmarkproductdata WRITE;
UNLOCK TABLES;
/*!40000 ALTER TABLE ebenchmarkproductdata ENABLE KEYS */;

--
-- Table structure for table `energyflowsqaa`
--

DROP TABLE IF EXISTS energyflowsqaa;
CREATE TABLE energyflowsqaa (
  EnergyFlowsQAa_ID int(10) unsigned NOT NULL auto_increment,
  Questionnaire_id int(10) unsigned default NULL,
  AlternativeProposalNo int(10) unsigned default '0',
  IndexNo int(11) default NULL,
  T0 double default NULL,
  T5 double default NULL,
  T10 double default NULL,
  T15 double default NULL,
  T20 double default NULL,
  T25 double default NULL,
  T30 double default NULL,
  T35 double default NULL,
  T40 double default NULL,
  T45 double default NULL,
  T50 double default NULL,
  T55 double default NULL,
  T60 double default NULL,
  T65 double default NULL,
  T70 double default NULL,
  T75 double default NULL,
  T80 double default NULL,
  T85 double default NULL,
  T90 double default NULL,
  T95 double default NULL,
  T100 double default NULL,
  T105 double default NULL,
  T110 double default NULL,
  T115 double default NULL,
  T120 double default NULL,
  T125 double default NULL,
  T130 double default NULL,
  T135 double default NULL,
  T140 double default NULL,
  T145 double default NULL,
  T150 double default NULL,
  T155 double default NULL,
  T160 double default NULL,
  T165 double default NULL,
  T170 double default NULL,
  T175 double default NULL,
  T180 double default NULL,
  T185 double default NULL,
  T190 double default NULL,
  T195 double default NULL,
  T200 double default NULL,
  T205 double default NULL,
  T210 double default NULL,
  T215 double default NULL,
  T220 double default NULL,
  T225 double default NULL,
  T230 double default NULL,
  T235 double default NULL,
  T240 double default NULL,
  T245 double default NULL,
  T250 double default NULL,
  T255 double default NULL,
  T260 double default NULL,
  T265 double default NULL,
  T270 double default NULL,
  T275 double default NULL,
  T280 double default NULL,
  T285 double default NULL,
  T290 double default NULL,
  T295 double default NULL,
  T300 double default NULL,
  T305 double default NULL,
  T310 double default NULL,
  T315 double default NULL,
  T320 double default NULL,
  T325 double default NULL,
  T330 double default NULL,
  T335 double default NULL,
  T340 double default NULL,
  T345 double default NULL,
  T350 double default NULL,
  T355 double default NULL,
  T360 double default NULL,
  T365 double default NULL,
  T370 double default NULL,
  T375 double default NULL,
  T380 double default NULL,
  T385 double default NULL,
  T390 double default NULL,
  T395 double default NULL,
  T400 double default NULL,
  PRIMARY KEY  (EnergyFlowsQAa_ID)
) TYPE=MyISAM;

--
-- Dumping data for table `energyflowsqaa`
--


/*!40000 ALTER TABLE energyflowsqaa DISABLE KEYS */;
LOCK TABLES energyflowsqaa WRITE;
INSERT INTO energyflowsqaa VALUES (1,1,1,1,2300,2300,2100,1800,1500,1200,900,600,100,0,0,0,0,0,0,0,0,0,0,0,0,0,0,0,0,0,0,0,0,0,0,0,0,0,0,0,0,0,0,0,0,0,0,0,0,0,0,0,0,0,0,0,0,0,0,0,0,0,0,0,0,0,0,0,0,0,0,0,0,0,0,0,0,0,0,0,0,0,0,0,0),(2,1,1,1,2300,2300,2100,1800,1500,1200,900,600,100,0,0,0,0,0,0,0,0,0,0,0,0,0,0,0,0,0,0,0,0,0,0,0,0,0,0,0,0,0,0,0,0,0,0,0,0,0,0,0,0,0,0,0,0,0,0,0,0,0,0,0,0,0,0,0,0,0,0,0,0,0,0,0,0,0,0,0,0,0,0,0,0),(3,1,1,1,2300,2300,2100,1800,1500,1200,900,600,100,0,0,0,0,0,0,0,0,0,0,0,0,0,0,0,0,0,0,0,0,0,0,0,0,0,0,0,0,0,0,0,0,0,0,0,0,0,0,0,0,0,0,0,0,0,0,0,0,0,0,0,0,0,0,0,0,0,0,0,0,0,0,0,0,0,0,0,0,0,0,0,0),(4,1,1,1,2300,2300,2100,1800,1500,1200,900,600,100,0,0,0,0,0,0,0,0,0,0,0,0,0,0,0,0,0,0,0,0,0,0,0,0,0,0,0,0,0,0,0,0,0,0,0,0,0,0,0,0,0,0,0,0,0,0,0,0,0,0,0,0,0,0,0,0,0,0,0,0,0,0,0,0,0,0,0,0,0,0,0,0);
UNLOCK TABLES;
/*!40000 ALTER TABLE energyflowsqaa ENABLE KEYS */;

--
-- Table structure for table `energyflowsqaarec`
--

DROP TABLE IF EXISTS energyflowsqaarec;
CREATE TABLE energyflowsqaarec (
  EnergyFlowsQAaRec_ID int(10) unsigned NOT NULL auto_increment,
  Questionnaire_id int(10) unsigned default NULL,
  AlternativeProposalNo int(10) unsigned default '0',
  IndexNo int(11) default NULL,
  T0 double default NULL,
  T5 double default NULL,
  T10 double default NULL,
  T15 double default NULL,
  T20 double default NULL,
  T25 double default NULL,
  T30 double default NULL,
  T35 double default NULL,
  T40 double default NULL,
  T45 double default NULL,
  T50 double default NULL,
  T55 double default NULL,
  T60 double default NULL,
  T65 double default NULL,
  T70 double default NULL,
  T75 double default NULL,
  T80 double default NULL,
  T85 double default NULL,
  T90 double default NULL,
  T95 double default NULL,
  T100 double default NULL,
  T105 double default NULL,
  T110 double default NULL,
  T115 double default NULL,
  T120 double default NULL,
  T125 double default NULL,
  T130 double default NULL,
  T135 double default NULL,
  T140 double default NULL,
  T145 double default NULL,
  T150 double default NULL,
  T155 double default NULL,
  T160 double default NULL,
  T165 double default NULL,
  T170 double default NULL,
  T175 double default NULL,
  T180 double default NULL,
  T185 double default NULL,
  T190 double default NULL,
  T195 double default NULL,
  T200 double default NULL,
  T205 double default NULL,
  T210 double default NULL,
  T215 double default NULL,
  T220 double default NULL,
  T225 double default NULL,
  T230 double default NULL,
  T235 double default NULL,
  T240 double default NULL,
  T245 double default NULL,
  T250 double default NULL,
  T255 double default NULL,
  T260 double default NULL,
  T265 double default NULL,
  T270 double default NULL,
  T275 double default NULL,
  T280 double default NULL,
  T285 double default NULL,
  T290 double default NULL,
  T295 double default NULL,
  T300 double default NULL,
  T305 double default NULL,
  T310 double default NULL,
  T315 double default NULL,
  T320 double default NULL,
  T325 double default NULL,
  T330 double default NULL,
  T335 double default NULL,
  T340 double default NULL,
  T345 double default NULL,
  T350 double default NULL,
  T355 double default NULL,
  T360 double default NULL,
  T365 double default NULL,
  T370 double default NULL,
  T375 double default NULL,
  T380 double default NULL,
  T385 double default NULL,
  T390 double default NULL,
  T395 double default NULL,
  T400 double default NULL,
  PRIMARY KEY  (EnergyFlowsQAaRec_ID)
) TYPE=MyISAM;

--
-- Dumping data for table `energyflowsqaarec`
--


/*!40000 ALTER TABLE energyflowsqaarec DISABLE KEYS */;
LOCK TABLES energyflowsqaarec WRITE;
UNLOCK TABLES;
/*!40000 ALTER TABLE energyflowsqaarec ENABLE KEYS */;

--
-- Table structure for table `energyflowsqah`
--

DROP TABLE IF EXISTS energyflowsqah;
CREATE TABLE energyflowsqah (
  EnergyFlowsQAh_ID int(10) unsigned NOT NULL auto_increment,
  Questionnaire_id int(10) unsigned default NULL,
  AlternativeProposalNo int(10) unsigned default '0',
  IndexNo int(11) default NULL,
  T0 double default NULL,
  T5 double default NULL,
  T10 double default NULL,
  T15 double default NULL,
  T20 double default NULL,
  T25 double default NULL,
  T30 double default NULL,
  T35 double default NULL,
  T40 double default NULL,
  T45 double default NULL,
  T50 double default NULL,
  T55 double default NULL,
  T60 double default NULL,
  T65 double default NULL,
  T70 double default NULL,
  T75 double default NULL,
  T80 double default NULL,
  T85 double default NULL,
  T90 double default NULL,
  T95 double default NULL,
  T100 double default NULL,
  T105 double default NULL,
  T110 double default NULL,
  T115 double default NULL,
  T120 double default NULL,
  T125 double default NULL,
  T130 double default NULL,
  T135 double default NULL,
  T140 double default NULL,
  T145 double default NULL,
  T150 double default NULL,
  T155 double default NULL,
  T160 double default NULL,
  T165 double default NULL,
  T170 double default NULL,
  T175 double default NULL,
  T180 double default NULL,
  T185 double default NULL,
  T190 double default NULL,
  T195 double default NULL,
  T200 double default NULL,
  T205 double default NULL,
  T210 double default NULL,
  T215 double default NULL,
  T220 double default NULL,
  T225 double default NULL,
  T230 double default NULL,
  T235 double default NULL,
  T240 double default NULL,
  T245 double default NULL,
  T250 double default NULL,
  T255 double default NULL,
  T260 double default NULL,
  T265 double default NULL,
  T270 double default NULL,
  T275 double default NULL,
  T280 double default NULL,
  T285 double default NULL,
  T290 double default NULL,
  T295 double default NULL,
  T300 double default NULL,
  T305 double default NULL,
  T310 double default NULL,
  T315 double default NULL,
  T320 double default NULL,
  T325 double default NULL,
  T330 double default NULL,
  T335 double default NULL,
  T340 double default NULL,
  T345 double default NULL,
  T350 double default NULL,
  T355 double default NULL,
  T360 double default NULL,
  T365 double default NULL,
  T370 double default NULL,
  T375 double default NULL,
  T380 double default NULL,
  T385 double default NULL,
  T390 double default NULL,
  T395 double default NULL,
  T400 double default NULL,
  PRIMARY KEY  (EnergyFlowsQAh_ID)
) TYPE=MyISAM;

--
-- Dumping data for table `energyflowsqah`
--


/*!40000 ALTER TABLE energyflowsqah DISABLE KEYS */;
LOCK TABLES energyflowsqah WRITE;
INSERT INTO energyflowsqah VALUES (1,1,1,1,1500,1500,1300,1100,900,700,500,300,100,0,0,0,0,0,0,0,0,0,0,0,0,0,0,0,0,0,0,0,0,0,0,0,0,0,0,0,0,0,0,0,0,0,0,0,0,0,0,0,0,0,0,0,0,0,0,0,0,0,0,0,0,0,0,0,0,0,0,0,0,0,0,0,0,0,0,0,0,0,0,0,0),(2,1,1,2,800,800,800,700,600,500,400,300,0,0,0,0,0,0,0,0,0,0,0,0,0,0,0,0,0,0,0,0,0,0,0,0,0,0,0,0,0,0,0,0,0,0,0,0,0,0,0,0,0,0,0,0,0,0,0,0,0,0,0,0,0,0,0,0,0,0,0,0,0,0,0,0,0,0,0,0,0,0,0,0,0),(3,1,1,3,0,0,0,0,0,0,0,0,0,0,0,0,0,0,0,0,0,0,0,0,0,0,0,0,0,0,0,0,0,0,0,0,0,0,0,0,0,0,0,0,0,0,0,0,0,0,0,0,0,0,0,0,0,0,0,0,0,0,0,0,0,0,0,0,0,0,0,0,0,0,0,0,0,0,0,0,0,0,0,0,0),(4,1,1,1,1500,1500,1300,1100,900,700,500,300,100,0,0,0,0,0,0,0,0,0,0,0,0,0,0,0,0,0,0,0,0,0,0,0,0,0,0,0,0,0,0,0,0,0,0,0,0,0,0,0,0,0,0,0,0,0,0,0,0,0,0,0,0,0,0,0,0,0,0,0,0,0,0,0,0,0,0,0,0,0,0,0,0),(5,1,1,2,800,800,800,700,600,500,400,300,0,0,0,0,0,0,0,0,0,0,0,0,0,0,0,0,0,0,0,0,0,0,0,0,0,0,0,0,0,0,0,0,0,0,0,0,0,0,0,0,0,0,0,0,0,0,0,0,0,0,0,0,0,0,0,0,0,0,0,0,0,0,0,0,0,0,0,0,0,0,0,0,0),(6,1,1,3,0,0,0,0,0,0,0,0,0,0,0,0,0,0,0,0,0,0,0,0,0,0,0,0,0,0,0,0,0,0,0,0,0,0,0,0,0,0,0,0,0,0,0,0,0,0,0,0,0,0,0,0,0,0,0,0,0,0,0,0,0,0,0,0,0,0,0,0,0,0,0,0,0,0,0,0,0,0,0,0,0),(7,1,1,1,1500,1500,1300,1100,900,700,500,300,100,0,0,0,0,0,0,0,0,0,0,0,0,0,0,0,0,0,0,0,0,0,0,0,0,0,0,0,0,0,0,0,0,0,0,0,0,0,0,0,0,0,0,0,0,0,0,0,0,0,0,0,0,0,0,0,0,0,0,0,0,0,0,0,0,0,0,0,0,0,0,0,0),(8,1,1,2,800,800,800,700,600,500,400,300,0,0,0,0,0,0,0,0,0,0,0,0,0,0,0,0,0,0,0,0,0,0,0,0,0,0,0,0,0,0,0,0,0,0,0,0,0,0,0,0,0,0,0,0,0,0,0,0,0,0,0,0,0,0,0,0,0,0,0,0,0,0,0,0,0,0,0,0,0,0,0,0,0),(9,1,1,3,0,0,0,0,0,0,0,0,0,0,0,0,0,0,0,0,0,0,0,0,0,0,0,0,0,0,0,0,0,0,0,0,0,0,0,0,0,0,0,0,0,0,0,0,0,0,0,0,0,0,0,0,0,0,0,0,0,0,0,0,0,0,0,0,0,0,0,0,0,0,0,0,0,0,0,0,0,0,0,0,0),(10,1,1,1,1500,1500,1300,1100,900,700,500,300,100,0,0,0,0,0,0,0,0,0,0,0,0,0,0,0,0,0,0,0,0,0,0,0,0,0,0,0,0,0,0,0,0,0,0,0,0,0,0,0,0,0,0,0,0,0,0,0,0,0,0,0,0,0,0,0,0,0,0,0,0,0,0,0,0,0,0,0,0,0,0,0,0),(11,1,1,2,800,800,800,700,600,500,400,300,0,0,0,0,0,0,0,0,0,0,0,0,0,0,0,0,0,0,0,0,0,0,0,0,0,0,0,0,0,0,0,0,0,0,0,0,0,0,0,0,0,0,0,0,0,0,0,0,0,0,0,0,0,0,0,0,0,0,0,0,0,0,0,0,0,0,0,0,0,0,0,0,0),(12,1,1,3,0,0,0,0,0,0,0,0,0,0,0,0,0,0,0,0,0,0,0,0,0,0,0,0,0,0,0,0,0,0,0,0,0,0,0,0,0,0,0,0,0,0,0,0,0,0,0,0,0,0,0,0,0,0,0,0,0,0,0,0,0,0,0,0,0,0,0,0,0,0,0,0,0,0,0,0,0,0,0,0,0);
UNLOCK TABLES;
/*!40000 ALTER TABLE energyflowsqah ENABLE KEYS */;

--
-- Table structure for table `energyflowsqahrec`
--

DROP TABLE IF EXISTS energyflowsqahrec;
CREATE TABLE energyflowsqahrec (
  EnergyFlowsQAhRec_ID int(10) unsigned NOT NULL auto_increment,
  Questionnaire_id int(10) unsigned default NULL,
  AlternativeProposalNo int(10) unsigned default '0',
  IndexNo int(11) default NULL,
  T0 double default NULL,
  T5 double default NULL,
  T10 double default NULL,
  T15 double default NULL,
  T20 double default NULL,
  T25 double default NULL,
  T30 double default NULL,
  T35 double default NULL,
  T40 double default NULL,
  T45 double default NULL,
  T50 double default NULL,
  T55 double default NULL,
  T60 double default NULL,
  T65 double default NULL,
  T70 double default NULL,
  T75 double default NULL,
  T80 double default NULL,
  T85 double default NULL,
  T90 double default NULL,
  T95 double default NULL,
  T100 double default NULL,
  T105 double default NULL,
  T110 double default NULL,
  T115 double default NULL,
  T120 double default NULL,
  T125 double default NULL,
  T130 double default NULL,
  T135 double default NULL,
  T140 double default NULL,
  T145 double default NULL,
  T150 double default NULL,
  T155 double default NULL,
  T160 double default NULL,
  T165 double default NULL,
  T170 double default NULL,
  T175 double default NULL,
  T180 double default NULL,
  T185 double default NULL,
  T190 double default NULL,
  T195 double default NULL,
  T200 double default NULL,
  T205 double default NULL,
  T210 double default NULL,
  T215 double default NULL,
  T220 double default NULL,
  T225 double default NULL,
  T230 double default NULL,
  T235 double default NULL,
  T240 double default NULL,
  T245 double default NULL,
  T250 double default NULL,
  T255 double default NULL,
  T260 double default NULL,
  T265 double default NULL,
  T270 double default NULL,
  T275 double default NULL,
  T280 double default NULL,
  T285 double default NULL,
  T290 double default NULL,
  T295 double default NULL,
  T300 double default NULL,
  T305 double default NULL,
  T310 double default NULL,
  T315 double default NULL,
  T320 double default NULL,
  T325 double default NULL,
  T330 double default NULL,
  T335 double default NULL,
  T340 double default NULL,
  T345 double default NULL,
  T350 double default NULL,
  T355 double default NULL,
  T360 double default NULL,
  T365 double default NULL,
  T370 double default NULL,
  T375 double default NULL,
  T380 double default NULL,
  T385 double default NULL,
  T390 double default NULL,
  T395 double default NULL,
  T400 double default NULL,
  PRIMARY KEY  (EnergyFlowsQAhRec_ID)
) TYPE=MyISAM;

--
-- Dumping data for table `energyflowsqahrec`
--


/*!40000 ALTER TABLE energyflowsqahrec DISABLE KEYS */;
LOCK TABLES energyflowsqahrec WRITE;
UNLOCK TABLES;
/*!40000 ALTER TABLE energyflowsqahrec ENABLE KEYS */;

--
-- Table structure for table `energyflowsqda`
--

DROP TABLE IF EXISTS energyflowsqda;
CREATE TABLE energyflowsqda (
  EnergyFlowsQDa_ID int(10) unsigned NOT NULL auto_increment,
  Questionnaire_id int(10) unsigned default NULL,
  AlternativeProposalNo int(10) unsigned default '0',
  IndexNo int(11) default NULL,
  T0 double default NULL,
  T5 double default NULL,
  T10 double default NULL,
  T15 double default NULL,
  T20 double default NULL,
  T25 double default NULL,
  T30 double default NULL,
  T35 double default NULL,
  T40 double default NULL,
  T45 double default NULL,
  T50 double default NULL,
  T55 double default NULL,
  T60 double default NULL,
  T65 double default NULL,
  T70 double default NULL,
  T75 double default NULL,
  T80 double default NULL,
  T85 double default NULL,
  T90 double default NULL,
  T95 double default NULL,
  T100 double default NULL,
  T105 double default NULL,
  T110 double default NULL,
  T115 double default NULL,
  T120 double default NULL,
  T125 double default NULL,
  T130 double default NULL,
  T135 double default NULL,
  T140 double default NULL,
  T145 double default NULL,
  T150 double default NULL,
  T155 double default NULL,
  T160 double default NULL,
  T165 double default NULL,
  T170 double default NULL,
  T175 double default NULL,
  T180 double default NULL,
  T185 double default NULL,
  T190 double default NULL,
  T195 double default NULL,
  T200 double default NULL,
  T205 double default NULL,
  T210 double default NULL,
  T215 double default NULL,
  T220 double default NULL,
  T225 double default NULL,
  T230 double default NULL,
  T235 double default NULL,
  T240 double default NULL,
  T245 double default NULL,
  T250 double default NULL,
  T255 double default NULL,
  T260 double default NULL,
  T265 double default NULL,
  T270 double default NULL,
  T275 double default NULL,
  T280 double default NULL,
  T285 double default NULL,
  T290 double default NULL,
  T295 double default NULL,
  T300 double default NULL,
  T305 double default NULL,
  T310 double default NULL,
  T315 double default NULL,
  T320 double default NULL,
  T325 double default NULL,
  T330 double default NULL,
  T335 double default NULL,
  T340 double default NULL,
  T345 double default NULL,
  T350 double default NULL,
  T355 double default NULL,
  T360 double default NULL,
  T365 double default NULL,
  T370 double default NULL,
  T375 double default NULL,
  T380 double default NULL,
  T385 double default NULL,
  T390 double default NULL,
  T395 double default NULL,
  T400 double default NULL,
  PRIMARY KEY  (EnergyFlowsQDa_ID)
) TYPE=MyISAM;

--
-- Dumping data for table `energyflowsqda`
--


/*!40000 ALTER TABLE energyflowsqda DISABLE KEYS */;
LOCK TABLES energyflowsqda WRITE;
INSERT INTO energyflowsqda VALUES (1,1,1,1,0,0,0,0,0,0,0,100,250,400,550,700,850,1000,1150,1300,1450,1600,1750,1900,2050,2200,2350,2500,2700,2900,3100,3300,3500,3700,3900,4100,4300,4450,4600,4750,4900,5050,5200,5350,5500,5550,5600,5650,5700,5700,5700,5700,5700,5700,5700,5700,5700,5700,5700,5700,5700,5700,5700,5700,5700,5700,5700,5700,5700,5700,5700,5700,5700,5700,5700,5700,5700,5700,5700,5700,5700,5700,5700,5700,5700),(2,1,1,1,0,0,0,0,0,0,0,100,250,400,550,700,850,1000,1150,1300,1450,1600,1750,1900,2050,2200,2350,2500,2700,2900,3100,3300,3500,3700,3900,4100,4300,4450,4600,4750,4900,5050,5200,5350,5500,5550,5600,5650,5700,5700,5700,5700,5700,5700,5700,5700,5700,5700,5700,5700,5700,5700,5700,5700,5700,5700,5700,5700,5700,5700,5700,5700,5700,5700,5700,5700,5700,5700,5700,5700,5700,5700,5700,5700,5700),(3,1,1,1,0,0,0,0,0,0,0,100,250,400,550,700,850,1000,1150,1300,1450,1600,1750,1900,2050,2200,2350,2500,2700,2900,3100,3300,3500,3700,3900,4100,4300,4450,4600,4750,4900,5050,5200,5350,5500,5550,5600,5650,5700,5700,5700,5700,5700,5700,5700,5700,5700,5700,5700,5700,5700,5700,5700,5700,5700,5700,5700,5700,5700,5700,5700,5700,5700,5700,5700,5700,5700,5700,5700,5700,5700,5700,5700,5700,5700),(4,1,1,1,0,0,0,0,0,0,0,100,250,400,550,700,850,1000,1150,1300,1450,1600,1750,1900,2050,2200,2350,2500,2700,2900,3100,3300,3500,3700,3900,4100,4300,4450,4600,4750,4900,5050,5200,5350,5500,5550,5600,5650,5700,5700,5700,5700,5700,5700,5700,5700,5700,5700,5700,5700,5700,5700,5700,5700,5700,5700,5700,5700,5700,5700,5700,5700,5700,5700,5700,5700,5700,5700,5700,5700,5700,5700,5700,5700,5700),(5,1,1,1,0,0,0,0,0,0,0,100,250,400,550,700,850,1000,1150,1300,1450,1600,1750,1900,2050,2200,2350,2500,2700,2900,3100,3300,3500,3700,3900,4100,4300,4450,4600,4750,4900,5050,5200,5350,5500,5550,5600,5650,5700,5700,5700,5700,5700,5700,5700,5700,5700,5700,5700,5700,5700,5700,5700,5700,5700,5700,5700,5700,5700,5700,5700,5700,5700,5700,5700,5700,5700,5700,5700,5700,5700,5700,5700,5700,5700);
UNLOCK TABLES;
/*!40000 ALTER TABLE energyflowsqda ENABLE KEYS */;

--
-- Table structure for table `energyflowsqdarec`
--

DROP TABLE IF EXISTS energyflowsqdarec;
CREATE TABLE energyflowsqdarec (
  EnergyFlowsQDaRec_ID int(10) unsigned NOT NULL auto_increment,
  Questionnaire_id int(10) unsigned default NULL,
  AlternativeProposalNo int(10) unsigned default '0',
  IndexNo int(11) default NULL,
  T0 double default NULL,
  T5 double default NULL,
  T10 double default NULL,
  T15 double default NULL,
  T20 double default NULL,
  T25 double default NULL,
  T30 double default NULL,
  T35 double default NULL,
  T40 double default NULL,
  T45 double default NULL,
  T50 double default NULL,
  T55 double default NULL,
  T60 double default NULL,
  T65 double default NULL,
  T70 double default NULL,
  T75 double default NULL,
  T80 double default NULL,
  T85 double default NULL,
  T90 double default NULL,
  T95 double default NULL,
  T100 double default NULL,
  T105 double default NULL,
  T110 double default NULL,
  T115 double default NULL,
  T120 double default NULL,
  T125 double default NULL,
  T130 double default NULL,
  T135 double default NULL,
  T140 double default NULL,
  T145 double default NULL,
  T150 double default NULL,
  T155 double default NULL,
  T160 double default NULL,
  T165 double default NULL,
  T170 double default NULL,
  T175 double default NULL,
  T180 double default NULL,
  T185 double default NULL,
  T190 double default NULL,
  T195 double default NULL,
  T200 double default NULL,
  T205 double default NULL,
  T210 double default NULL,
  T215 double default NULL,
  T220 double default NULL,
  T225 double default NULL,
  T230 double default NULL,
  T235 double default NULL,
  T240 double default NULL,
  T245 double default NULL,
  T250 double default NULL,
  T255 double default NULL,
  T260 double default NULL,
  T265 double default NULL,
  T270 double default NULL,
  T275 double default NULL,
  T280 double default NULL,
  T285 double default NULL,
  T290 double default NULL,
  T295 double default NULL,
  T300 double default NULL,
  T305 double default NULL,
  T310 double default NULL,
  T315 double default NULL,
  T320 double default NULL,
  T325 double default NULL,
  T330 double default NULL,
  T335 double default NULL,
  T340 double default NULL,
  T345 double default NULL,
  T350 double default NULL,
  T355 double default NULL,
  T360 double default NULL,
  T365 double default NULL,
  T370 double default NULL,
  T375 double default NULL,
  T380 double default NULL,
  T385 double default NULL,
  T390 double default NULL,
  T395 double default NULL,
  T400 double default NULL,
  PRIMARY KEY  (EnergyFlowsQDaRec_ID)
) TYPE=MyISAM;

--
-- Dumping data for table `energyflowsqdarec`
--


/*!40000 ALTER TABLE energyflowsqdarec DISABLE KEYS */;
LOCK TABLES energyflowsqdarec WRITE;
UNLOCK TABLES;
/*!40000 ALTER TABLE energyflowsqdarec ENABLE KEYS */;

--
-- Table structure for table `energyflowsqdh`
--

DROP TABLE IF EXISTS energyflowsqdh;
CREATE TABLE energyflowsqdh (
  EnergyFlowsQDh_ID int(10) unsigned NOT NULL auto_increment,
  Questionnaire_id int(10) unsigned default NULL,
  AlternativeProposalNo int(10) unsigned default '0',
  IndexNo int(11) default NULL,
  T0 double default NULL,
  T5 double default NULL,
  T10 double default NULL,
  T15 double default NULL,
  T20 double default NULL,
  T25 double default NULL,
  T30 double default NULL,
  T35 double default NULL,
  T40 double default NULL,
  T45 double default NULL,
  T50 double default NULL,
  T55 double default NULL,
  T60 double default NULL,
  T65 double default NULL,
  T70 double default NULL,
  T75 double default NULL,
  T80 double default NULL,
  T85 double default NULL,
  T90 double default NULL,
  T95 double default NULL,
  T100 double default NULL,
  T105 double default NULL,
  T110 double default NULL,
  T115 double default NULL,
  T120 double default NULL,
  T125 double default NULL,
  T130 double default NULL,
  T135 double default NULL,
  T140 double default NULL,
  T145 double default NULL,
  T150 double default NULL,
  T155 double default NULL,
  T160 double default NULL,
  T165 double default NULL,
  T170 double default NULL,
  T175 double default NULL,
  T180 double default NULL,
  T185 double default NULL,
  T190 double default NULL,
  T195 double default NULL,
  T200 double default NULL,
  T205 double default NULL,
  T210 double default NULL,
  T215 double default NULL,
  T220 double default NULL,
  T225 double default NULL,
  T230 double default NULL,
  T235 double default NULL,
  T240 double default NULL,
  T245 double default NULL,
  T250 double default NULL,
  T255 double default NULL,
  T260 double default NULL,
  T265 double default NULL,
  T270 double default NULL,
  T275 double default NULL,
  T280 double default NULL,
  T285 double default NULL,
  T290 double default NULL,
  T295 double default NULL,
  T300 double default NULL,
  T305 double default NULL,
  T310 double default NULL,
  T315 double default NULL,
  T320 double default NULL,
  T325 double default NULL,
  T330 double default NULL,
  T335 double default NULL,
  T340 double default NULL,
  T345 double default NULL,
  T350 double default NULL,
  T355 double default NULL,
  T360 double default NULL,
  T365 double default NULL,
  T370 double default NULL,
  T375 double default NULL,
  T380 double default NULL,
  T385 double default NULL,
  T390 double default NULL,
  T395 double default NULL,
  T400 double default NULL,
  PRIMARY KEY  (EnergyFlowsQDh_ID)
) TYPE=MyISAM;

--
-- Dumping data for table `energyflowsqdh`
--


/*!40000 ALTER TABLE energyflowsqdh DISABLE KEYS */;
LOCK TABLES energyflowsqdh WRITE;
INSERT INTO energyflowsqdh VALUES (1,1,1,1,0,0,0,0,0,0,0,100,200,300,400,500,600,700,800,900,1000,1100,1200,1300,1400,1500,1600,1700,1800,1900,2000,2100,2200,2300,2400,2500,2600,2700,2800,2900,3000,3100,3200,3300,3400,3400,3400,3400,3400,3400,3400,3400,3400,3400,3400,3400,3400,3400,3400,3400,3400,3400,3400,3400,3400,3400,3400,3400,3400,3400,3400,3400,3400,3400,3400,3400,3400,3400,3400,3400,3400,3400,3400,3400,3400),(2,1,1,2,0,0,0,0,0,0,0,0,50,100,150,200,250,300,350,400,450,500,550,600,650,700,750,800,850,900,950,1000,1050,1100,1150,1200,1250,1250,1250,1250,1250,1250,1250,1250,1250,1250,1250,1250,1250,1250,1250,1250,1250,1250,1250,1250,1250,1250,1250,1250,1250,1250,1250,1250,1250,1250,1250,1250,1250,1250,1250,1250,1250,1250,1250,1250,1250,1250,1250,1250,1250,1250,1250,1250,1250),(3,1,1,3,0,0,0,0,0,0,0,0,0,0,0,0,0,0,0,0,0,0,0,0,0,0,0,0,50,100,150,200,250,300,350,400,450,500,550,600,650,700,750,800,850,900,950,1000,1050,1050,1050,1050,1050,1050,1050,1050,1050,1050,1050,1050,1050,1050,1050,1050,1050,1050,1050,1050,1050,1050,1050,1050,1050,1050,1050,1050,1050,1050,1050,1050,1050,1050,1050,1050,1050),(4,1,1,1,0,0,0,0,0,0,0,100,200,300,400,500,600,700,800,900,1000,1100,1200,1300,1400,1500,1600,1700,1800,1900,2000,2100,2200,2300,2400,2500,2600,2700,2800,2900,3000,3100,3200,3300,3400,3400,3400,3400,3400,3400,3400,3400,3400,3400,3400,3400,3400,3400,3400,3400,3400,3400,3400,3400,3400,3400,3400,3400,3400,3400,3400,3400,3400,3400,3400,3400,3400,3400,3400,3400,3400,3400,3400,3400,3400),(5,1,1,2,0,0,0,0,0,0,0,0,50,100,150,200,250,300,350,400,450,500,550,600,650,700,750,800,850,900,950,1000,1050,1100,1150,1200,1250,1250,1250,1250,1250,1250,1250,1250,1250,1250,1250,1250,1250,1250,1250,1250,1250,1250,1250,1250,1250,1250,1250,1250,1250,1250,1250,1250,1250,1250,1250,1250,1250,1250,1250,1250,1250,1250,1250,1250,1250,1250,1250,1250,1250,1250,1250,1250,1250),(6,1,1,3,0,0,0,0,0,0,0,0,0,0,0,0,0,0,0,0,0,0,0,0,0,0,0,0,50,100,150,200,250,300,350,400,450,500,550,600,650,700,750,800,850,900,950,1000,1050,1050,1050,1050,1050,1050,1050,1050,1050,1050,1050,1050,1050,1050,1050,1050,1050,1050,1050,1050,1050,1050,1050,1050,1050,1050,1050,1050,1050,1050,1050,1050,1050,1050,1050,1050,1050),(7,1,1,1,0,0,0,0,0,0,0,100,200,300,400,500,600,700,800,900,1000,1100,1200,1300,1400,1500,1600,1700,1800,1900,2000,2100,2200,2300,2400,2500,2600,2700,2800,2900,3000,3100,3200,3300,3400,3400,3400,3400,3400,3400,3400,3400,3400,3400,3400,3400,3400,3400,3400,3400,3400,3400,3400,3400,3400,3400,3400,3400,3400,3400,3400,3400,3400,3400,3400,3400,3400,3400,3400,3400,3400,3400,3400,3400,3400),(8,1,1,2,0,0,0,0,0,0,0,0,50,100,150,200,250,300,350,400,450,500,550,600,650,700,750,800,850,900,950,1000,1050,1100,1150,1200,1250,1250,1250,1250,1250,1250,1250,1250,1250,1250,1250,1250,1250,1250,1250,1250,1250,1250,1250,1250,1250,1250,1250,1250,1250,1250,1250,1250,1250,1250,1250,1250,1250,1250,1250,1250,1250,1250,1250,1250,1250,1250,1250,1250,1250,1250,1250,1250,1250),(9,1,1,3,0,0,0,0,0,0,0,0,0,0,0,0,0,0,0,0,0,0,0,0,0,0,0,0,50,100,150,200,250,300,350,400,450,500,550,600,650,700,750,800,850,900,950,1000,1050,1050,1050,1050,1050,1050,1050,1050,1050,1050,1050,1050,1050,1050,1050,1050,1050,1050,1050,1050,1050,1050,1050,1050,1050,1050,1050,1050,1050,1050,1050,1050,1050,1050,1050,1050,1050),(10,1,1,1,0,0,0,0,0,0,0,100,200,300,400,500,600,700,800,900,1000,1100,1200,1300,1400,1500,1600,1700,1800,1900,2000,2100,2200,2300,2400,2500,2600,2700,2800,2900,3000,3100,3200,3300,3400,3400,3400,3400,3400,3400,3400,3400,3400,3400,3400,3400,3400,3400,3400,3400,3400,3400,3400,3400,3400,3400,3400,3400,3400,3400,3400,3400,3400,3400,3400,3400,3400,3400,3400,3400,3400,3400,3400,3400,3400),(11,1,1,2,0,0,0,0,0,0,0,0,50,100,150,200,250,300,350,400,450,500,550,600,650,700,750,800,850,900,950,1000,1050,1100,1150,1200,1250,1250,1250,1250,1250,1250,1250,1250,1250,1250,1250,1250,1250,1250,1250,1250,1250,1250,1250,1250,1250,1250,1250,1250,1250,1250,1250,1250,1250,1250,1250,1250,1250,1250,1250,1250,1250,1250,1250,1250,1250,1250,1250,1250,1250,1250,1250,1250,1250),(12,1,1,3,0,0,0,0,0,0,0,0,0,0,0,0,0,0,0,0,0,0,0,0,0,0,0,0,50,100,150,200,250,300,350,400,450,500,550,600,650,700,750,800,850,900,950,1000,1050,1050,1050,1050,1050,1050,1050,1050,1050,1050,1050,1050,1050,1050,1050,1050,1050,1050,1050,1050,1050,1050,1050,1050,1050,1050,1050,1050,1050,1050,1050,1050,1050,1050,1050,1050,1050);
UNLOCK TABLES;
/*!40000 ALTER TABLE energyflowsqdh ENABLE KEYS */;

--
-- Table structure for table `energyflowsqdhrec`
--

DROP TABLE IF EXISTS energyflowsqdhrec;
CREATE TABLE energyflowsqdhrec (
  EnergyFlowsQDhRec_ID int(10) unsigned NOT NULL auto_increment,
  Questionnaire_id int(10) unsigned default NULL,
  AlternativeProposalNo int(10) unsigned default '0',
  IndexNo int(11) default NULL,
  T0 double default NULL,
  T5 double default NULL,
  T10 double default NULL,
  T15 double default NULL,
  T20 double default NULL,
  T25 double default NULL,
  T30 double default NULL,
  T35 double default NULL,
  T40 double default NULL,
  T45 double default NULL,
  T50 double default NULL,
  T55 double default NULL,
  T60 double default NULL,
  T65 double default NULL,
  T70 double default NULL,
  T75 double default NULL,
  T80 double default NULL,
  T85 double default NULL,
  T90 double default NULL,
  T95 double default NULL,
  T100 double default NULL,
  T105 double default NULL,
  T110 double default NULL,
  T115 double default NULL,
  T120 double default NULL,
  T125 double default NULL,
  T130 double default NULL,
  T135 double default NULL,
  T140 double default NULL,
  T145 double default NULL,
  T150 double default NULL,
  T155 double default NULL,
  T160 double default NULL,
  T165 double default NULL,
  T170 double default NULL,
  T175 double default NULL,
  T180 double default NULL,
  T185 double default NULL,
  T190 double default NULL,
  T195 double default NULL,
  T200 double default NULL,
  T205 double default NULL,
  T210 double default NULL,
  T215 double default NULL,
  T220 double default NULL,
  T225 double default NULL,
  T230 double default NULL,
  T235 double default NULL,
  T240 double default NULL,
  T245 double default NULL,
  T250 double default NULL,
  T255 double default NULL,
  T260 double default NULL,
  T265 double default NULL,
  T270 double default NULL,
  T275 double default NULL,
  T280 double default NULL,
  T285 double default NULL,
  T290 double default NULL,
  T295 double default NULL,
  T300 double default NULL,
  T305 double default NULL,
  T310 double default NULL,
  T315 double default NULL,
  T320 double default NULL,
  T325 double default NULL,
  T330 double default NULL,
  T335 double default NULL,
  T340 double default NULL,
  T345 double default NULL,
  T350 double default NULL,
  T355 double default NULL,
  T360 double default NULL,
  T365 double default NULL,
  T370 double default NULL,
  T375 double default NULL,
  T380 double default NULL,
  T385 double default NULL,
  T390 double default NULL,
  T395 double default NULL,
  T400 double default NULL,
  PRIMARY KEY  (EnergyFlowsQDhRec_ID)
) TYPE=MyISAM;

--
-- Dumping data for table `energyflowsqdhrec`
--


/*!40000 ALTER TABLE energyflowsqdhrec DISABLE KEYS */;
LOCK TABLES energyflowsqdhrec WRITE;
UNLOCK TABLES;
/*!40000 ALTER TABLE energyflowsqdhrec ENABLE KEYS */;

--
-- Table structure for table `hpannualinternaldata`
--

DROP TABLE IF EXISTS hpannualinternaldata;
CREATE TABLE hpannualinternaldata (
  HPAnnualInternalData_ID int(10) unsigned NOT NULL default '0',
  Questionnaire_id int(10) unsigned default NULL,
  AlternativeProposalNo int(10) unsigned default '0',
  HPid int(11) default NULL,
  dotQhDB double default NULL,
  Fpla double default NULL,
  PRIMARY KEY  (HPAnnualInternalData_ID)
) TYPE=MyISAM;

--
-- Dumping data for table `hpannualinternaldata`
--


/*!40000 ALTER TABLE hpannualinternaldata DISABLE KEYS */;
LOCK TABLES hpannualinternaldata WRITE;
UNLOCK TABLES;
/*!40000 ALTER TABLE hpannualinternaldata ENABLE KEYS */;

--
-- Table structure for table `hphourlyinternaldata`
--

DROP TABLE IF EXISTS hphourlyinternaldata;
CREATE TABLE hphourlyinternaldata (
  HPHourlyInternalData_ID int(10) unsigned NOT NULL default '0',
  Questionnaire_id int(10) unsigned default NULL,
  AlternativeProposalNo int(10) unsigned default '0',
  Thi double default NULL,
  Tci double default NULL,
  COPhi double default NULL,
  COPhti double default NULL,
  dotQhi double default NULL,
  dotQci double default NULL,
  dotQwi double default NULL,
  Fpli double default NULL,
  PRIMARY KEY  (HPHourlyInternalData_ID)
) TYPE=MyISAM;

--
-- Dumping data for table `hphourlyinternaldata`
--


/*!40000 ALTER TABLE hphourlyinternaldata DISABLE KEYS */;
LOCK TABLES hphourlyinternaldata WRITE;
UNLOCK TABLES;
/*!40000 ALTER TABLE hphourlyinternaldata ENABLE KEYS */;

--
-- Table structure for table `projectinfo`
--

DROP TABLE IF EXISTS projectinfo;
CREATE TABLE projectinfo (
  ProjectInfo_ID int(10) unsigned NOT NULL auto_increment,
  ProjectID int(10) unsigned default NULL,
  ProjectCreationDate date default NULL,
  ProjectFinalisationDate date default NULL,
  LastModificationDate date default NULL,
  Auditor_ID int(10) unsigned default NULL,
  OriginalProjectID int(10) unsigned default NULL,
  Campaign varchar(45) default NULL,
  ConfidentialityLevel int(11) default NULL,
  ToolVersion varchar(45) default NULL,
  PRIMARY KEY  (ProjectInfo_ID)
) TYPE=MyISAM;

--
-- Dumping data for table `projectinfo`
--


/*!40000 ALTER TABLE projectinfo DISABLE KEYS */;
LOCK TABLES projectinfo WRITE;
UNLOCK TABLES;
/*!40000 ALTER TABLE projectinfo ENABLE KEYS */;

--
-- Table structure for table `psetupdata`
--

DROP TABLE IF EXISTS psetupdata;
CREATE TABLE psetupdata (
  PSetUpData_ID int(10) unsigned NOT NULL auto_increment,
  PEConvEl double default NULL,
  PEConvFuels double default NULL,
  CO2ConvEl double default NULL,
  HRInvRate double default NULL,
  HROMRate double default NULL,
  FeedInCHP double default NULL,
  SolarInvRateL double default NULL,
  SolarInvRateS double default NULL,
  SolarOMRate double default NULL,
  SolarFunding double default NULL,
  QuSolar double default NULL,
  Inflation double default NULL,
  InflationFuels double default NULL,
  InterestRate double default NULL,
  ExternalFinance double default NULL,
  Amortisation double default NULL,
  Annuity double default NULL,
  EEFunding double default NULL,
  UHPType varchar(45) default NULL,
  UHPMinHop double default NULL,
  UHPDTMax double default NULL,
  UHPTgenIn double default NULL,
  UHPmaxT double default NULL,
  UHPminT double default NULL,
  PRIMARY KEY  (PSetUpData_ID)
) TYPE=MyISAM;

--
-- Dumping data for table `psetupdata`
--


/*!40000 ALTER TABLE psetupdata DISABLE KEYS */;
LOCK TABLES psetupdata WRITE;
UNLOCK TABLES;
/*!40000 ALTER TABLE psetupdata ENABLE KEYS */;

--
-- Table structure for table `qbuildings`
--

DROP TABLE IF EXISTS qbuildings;
CREATE TABLE qbuildings (
  QBuildings_ID int(10) unsigned NOT NULL auto_increment,
  Questionnaire_id int(10) unsigned default NULL,
  AlternativeProposalNo int(10) unsigned default '0',
  BuildName varchar(45) default NULL,
  BuildConstructSurface double default NULL,
  BuildUsefulSurface double default NULL,
  BuildUsage varchar(45) default NULL,
  BuildEnergyDemand varchar(45) default NULL,
  BuildMaxHP double default NULL,
  BuildMaxCP double default NULL,
  BuildAnnualHeating double default NULL,
  BuildAnnualAirCond double default NULL,
  BuildDailyDHW double default NULL,
  BuildHoursOccup double default NULL,
  BuildDaysInUse double default NULL,
  BuildHolidaysPeriodStart varchar(45) default NULL,
  BuildHolidaysPeriodStop varchar(45) default NULL,
  BuildHeatingPeriodStart varchar(45) default NULL,
  BuildHeatingPeriodStop varchar(45) default NULL,
  BuildAirCondPeriodStart varchar(45) default NULL,
  BuildAirCondPeriodStop varchar(45) default NULL,
  EnclBuildDraw tinyint(4) default NULL,
  PRIMARY KEY  (QBuildings_ID)
) TYPE=MyISAM;

--
-- Dumping data for table `qbuildings`
--


/*!40000 ALTER TABLE qbuildings DISABLE KEYS */;
LOCK TABLES qbuildings WRITE;
UNLOCK TABLES;
/*!40000 ALTER TABLE qbuildings ENABLE KEYS */;

--
-- Table structure for table `qdistributionhc`
--

DROP TABLE IF EXISTS qdistributionhc;
CREATE TABLE qdistributionhc (
  QDistributionHC_ID int(10) unsigned NOT NULL auto_increment,
  Questionnaire_id int(10) unsigned default NULL,
  AlternativeProposalNo int(10) unsigned default '0',
  PipeDuctNo int(11) default NULL,
  Pipeduct varchar(45) default NULL,
  HeatFromQGenerationHC_id int(11) default NULL,
  HeatDistMedium varchar(45) default NULL,
  DistribCircFlow double default NULL,
  ToutDistrib double default NULL,
  TreturnDistrib double default NULL,
  PercentRecirc double default NULL,
  Tfeedup double default NULL,
  PressDistMedium double default NULL,
  PercentCondRecovery double default NULL,
  TotLengthDistPipe double default NULL,
  UDistPipe double default NULL,
  DDistPipe double default NULL,
  DeltaDistPipe double default NULL,
  NumStorageUnits int(11) default NULL,
  VtotStorage double default NULL,
  TypeStorage varchar(45) default NULL,
  PmaxStorage double default NULL,
  TmaxStorage double default NULL,
  IsAlternative tinyint(4) default '0',
  HDEffAvg double default NULL,
  PRIMARY KEY  (QDistributionHC_ID)
) TYPE=MyISAM;

--
-- Dumping data for table `qdistributionhc`
--


/*!40000 ALTER TABLE qdistributionhc DISABLE KEYS */;
LOCK TABLES qdistributionhc WRITE;
UNLOCK TABLES;
/*!40000 ALTER TABLE qdistributionhc ENABLE KEYS */;

--
-- Table structure for table `qelectricity`
--

DROP TABLE IF EXISTS qelectricity;
CREATE TABLE qelectricity (
  QElectricity_ID int(10) unsigned NOT NULL auto_increment,
  Questionnaire_id int(10) unsigned default NULL,
  AlternativeProposalNo int(10) unsigned default '0',
  PowerContrTot double default NULL,
  PowerContrStd double default NULL,
  PowerContrPeak double default NULL,
  PowerContrVall double default NULL,
  ElectricityTotYear double default NULL,
  ElectricityPeakYear double default NULL,
  ElectricityStandYear double default NULL,
  ElectricityValleyYear double default NULL,
  ElGenera double default NULL,
  ElSales double default NULL,
  ElectricityRef double default NULL,
  ElectricityAC double default NULL,
  ElectricityThOther double default NULL,
  ElectricityMotors double default NULL,
  ElectricityChem double default NULL,
  ElectricityLight double default NULL,
  ElTariffClassTot varchar(45) default NULL,
  ElTariffClassStd varchar(45) default NULL,
  ElTariffClassPeak varchar(45) default NULL,
  ElTariffClassTotVall varchar(45) default NULL,
  ElTariffClassCHP varchar(45) default NULL,
  ElTariffPowTot double default NULL,
  ElTariffPowStd double default NULL,
  ElTariffPowPeak double default NULL,
  ElTariffPowVall double default NULL,
  ElTariffPowCHP double default NULL,
  ElTariffCTot double default NULL,
  ElTariffCStd double default NULL,
  ElTariffCPeak double default NULL,
  ElTariffCVall double default NULL,
  ETariffCHP double default NULL,
  ElCostYearTot double default NULL,
  ElCostYearStd double default NULL,
  ElCostYearPeak double default NULL,
  ElCostYearVall double default NULL,
  ElSalesYearCHP double default NULL,
  ELECTRICITY_Type double default NULL,
  PRIMARY KEY  (QElectricity_ID)
) TYPE=MyISAM;

--
-- Dumping data for table `qelectricity`
--


/*!40000 ALTER TABLE qelectricity DISABLE KEYS */;
LOCK TABLES qelectricity WRITE;
INSERT INTO qelectricity VALUES (1,1,0,NULL,NULL,NULL,NULL,NULL,NULL,NULL,NULL,NULL,NULL,NULL,NULL,NULL,NULL,NULL,NULL,NULL,NULL,NULL,NULL,NULL,NULL,NULL,NULL,NULL,NULL,NULL,NULL,NULL,NULL,NULL,NULL,NULL,NULL,NULL,NULL,NULL),(2,2,0,NULL,NULL,NULL,NULL,NULL,NULL,NULL,NULL,NULL,NULL,NULL,NULL,NULL,NULL,NULL,NULL,NULL,NULL,NULL,NULL,NULL,NULL,NULL,NULL,NULL,NULL,NULL,NULL,NULL,NULL,NULL,60000,NULL,NULL,NULL,NULL,NULL);
UNLOCK TABLES;
/*!40000 ALTER TABLE qelectricity ENABLE KEYS */;

--
-- Table structure for table `qfuel`
--

DROP TABLE IF EXISTS qfuel;
CREATE TABLE qfuel (
  QFuel_ID int(10) unsigned NOT NULL auto_increment,
  Questionnaire_id int(10) unsigned default NULL,
  AlternativeProposalNo int(10) unsigned default '0',
  FuelUnit varchar(45) default NULL,
  DBFuel_id int(10) unsigned default NULL,
  MFuelYear double default NULL,
  FuelOwn double default NULL,
  FuelTariff double default NULL,
  FuelCostYear double default NULL,
  FECFuel double default NULL,
  FETFuel double default NULL,
  FEOFuel double default NULL,
  PECFuel double default NULL,
  PETFuel double default NULL,
  ProdCO2Fuel double default NULL,
  PRIMARY KEY  (QFuel_ID)
) TYPE=MyISAM;

--
-- Dumping data for table `qfuel`
--


/*!40000 ALTER TABLE qfuel DISABLE KEYS */;
LOCK TABLES qfuel WRITE;
INSERT INTO qfuel VALUES (1,1,0,NULL,1,NULL,NULL,NULL,NULL,NULL,NULL,NULL,NULL,NULL,NULL),(2,2,0,'kg',5,600000,6700,25,120000,NULL,NULL,NULL,NULL,NULL,NULL),(3,2,0,'m3',3,700000,7000,18,150000,NULL,NULL,NULL,NULL,NULL,NULL);
UNLOCK TABLES;
/*!40000 ALTER TABLE qfuel ENABLE KEYS */;

--
-- Table structure for table `qgenerationhc`
--

DROP TABLE IF EXISTS qgenerationhc;
CREATE TABLE qgenerationhc (
  QGenerationHC_ID int(10) unsigned NOT NULL auto_increment,
  Questionnaire_id int(10) unsigned default NULL,
  AlternativeProposalNo int(10) unsigned default '0',
  Equipment varchar(45) default NULL,
  Manufact varchar(45) default NULL,
  YearManufact int(11) default NULL,
  Model varchar(45) default NULL,
  EquipType varchar(45) default NULL,
  NumEquipUnits int(11) default NULL,
  DBFuel_id int(10) unsigned default NULL,
  HCGPnom double default NULL,
  FuelConsum double default NULL,
  UnitsFuelConsum varchar(45) default NULL,
  ElectriConsum double default NULL,
  HCGTEfficiency double default NULL,
  HCGEEfficiency double default NULL,
  ElectriProduction double default NULL,
  TExhaustGas double default NULL,
  PartLoad double default NULL,
  HPerDayEq double default NULL,
  NDaysEq double default NULL,
  PipeDuctEquip varchar(45) default NULL,
  CoolTowerType varchar(45) default NULL,
  IsSelectedFromDB tinyint(4) default '0',
  DatabaseNameSelection varchar(45) default NULL,
  EquipTypeFromDB varchar(45) default NULL,
  EquipIDFromDB int(10) unsigned default NULL,
  EqNo int(11) NOT NULL default '0',
  ExcessAirRatio double default NULL,
  HeatSourceLT double default NULL,
  HeatSourceHT double default NULL,
  ThermalConsum double default NULL,
  THeatSourceHT double default NULL,
  Refrigerant double default NULL,
  DestinationWasteHeat double default NULL,
  TemperatureReCooling double default NULL,
  FlowExhaustGas double default NULL,
  QExhaustGas double default NULL,
  QHXEq double default NULL,
  USHj double default NULL,
  FETj double default NULL,
  HGEffAvg double default NULL,
  CascadeIndex int(11) NOT NULL default '0',
  HPerYearEq double default NULL,
  HPExHeatCOP double default NULL,
  Price double default NULL,
  TurnKeyPrice double default NULL,
  OandMvar double default NULL,
  OandMfix double default NULL,
  PRIMARY KEY  (QGenerationHC_ID)
) TYPE=MyISAM;

--
-- Dumping data for table `qgenerationhc`
--


/*!40000 ALTER TABLE qgenerationhc DISABLE KEYS */;
LOCK TABLES qgenerationhc WRITE;
INSERT INTO qgenerationhc VALUES (1,2,0,'Boiler 1',NULL,NULL,'EINSTEIN','compression heat pump',NULL,3,500,NULL,NULL,NULL,3.16,NULL,NULL,NULL,NULL,NULL,NULL,NULL,NULL,0,NULL,NULL,NULL,1,NULL,NULL,NULL,NULL,NULL,NULL,NULL,NULL,NULL,NULL,NULL,NULL,NULL,NULL,0,NULL,NULL,NULL,NULL,NULL,NULL),(2,2,0,'Boiler 2',NULL,NULL,NULL,NULL,NULL,3,500,NULL,NULL,NULL,NULL,NULL,NULL,NULL,NULL,NULL,NULL,NULL,NULL,0,NULL,NULL,NULL,2,NULL,NULL,NULL,NULL,NULL,NULL,NULL,NULL,NULL,NULL,NULL,NULL,NULL,NULL,0,NULL,NULL,NULL,NULL,NULL,NULL),(3,2,0,'Burner',NULL,NULL,NULL,NULL,NULL,5,1200,NULL,NULL,NULL,NULL,NULL,NULL,NULL,NULL,NULL,NULL,NULL,NULL,0,NULL,NULL,NULL,3,NULL,NULL,NULL,NULL,NULL,NULL,NULL,NULL,NULL,NULL,NULL,NULL,NULL,NULL,0,NULL,NULL,NULL,NULL,NULL,NULL),(4,2,0,'Boiler 3',NULL,NULL,NULL,NULL,NULL,5,1800,NULL,NULL,NULL,NULL,NULL,NULL,NULL,NULL,NULL,NULL,NULL,NULL,0,NULL,NULL,NULL,4,NULL,NULL,NULL,NULL,NULL,NULL,NULL,NULL,NULL,NULL,NULL,NULL,NULL,NULL,0,NULL,NULL,NULL,NULL,NULL,NULL),(5,2,0,'Chiller',NULL,NULL,NULL,NULL,NULL,9,9999,NULL,NULL,NULL,NULL,NULL,NULL,NULL,NULL,NULL,NULL,NULL,NULL,0,NULL,NULL,NULL,5,NULL,NULL,NULL,NULL,NULL,NULL,NULL,NULL,NULL,NULL,NULL,NULL,NULL,NULL,0,NULL,NULL,NULL,NULL,NULL,NULL),(6,3,0,'New heat pump 1','EINSTEIN',NULL,'EINSTEIN','compression heat pump',NULL,9,500,NULL,NULL,NULL,6.81,NULL,NULL,NULL,NULL,NULL,NULL,NULL,NULL,0,NULL,NULL,NULL,6,NULL,NULL,NULL,NULL,NULL,NULL,NULL,NULL,NULL,NULL,NULL,NULL,NULL,NULL,0,NULL,NULL,NULL,NULL,NULL,NULL),(7,3,0,'New heat pump 2',NULL,NULL,NULL,'compression heat pump',NULL,9,99,NULL,NULL,NULL,NULL,NULL,NULL,NULL,NULL,NULL,NULL,NULL,NULL,0,NULL,NULL,NULL,6,NULL,NULL,NULL,NULL,NULL,NULL,NULL,NULL,NULL,NULL,NULL,NULL,NULL,NULL,0,NULL,NULL,NULL,NULL,NULL,NULL),(8,3,0,'New heat pump 1',NULL,NULL,NULL,'compression heat pump',NULL,9,99,NULL,NULL,NULL,NULL,NULL,NULL,NULL,NULL,NULL,NULL,NULL,NULL,0,NULL,NULL,NULL,8,NULL,NULL,NULL,NULL,NULL,NULL,NULL,NULL,NULL,NULL,NULL,NULL,NULL,NULL,0,NULL,NULL,NULL,NULL,NULL,NULL),(9,3,0,'New heat pump 2',NULL,NULL,NULL,'compression heat pump',NULL,9,99,NULL,NULL,NULL,NULL,NULL,NULL,NULL,NULL,NULL,NULL,NULL,NULL,0,NULL,NULL,NULL,8,NULL,NULL,NULL,NULL,NULL,NULL,NULL,NULL,NULL,NULL,NULL,NULL,NULL,NULL,0,NULL,NULL,NULL,NULL,NULL,NULL),(10,3,0,'New heat pump 1',NULL,NULL,NULL,'compression heat pump',NULL,9,99,NULL,NULL,NULL,NULL,NULL,NULL,NULL,NULL,NULL,NULL,NULL,NULL,0,NULL,NULL,NULL,10,NULL,NULL,NULL,NULL,NULL,NULL,NULL,NULL,NULL,NULL,NULL,NULL,NULL,NULL,0,NULL,NULL,NULL,NULL,NULL,NULL),(11,3,0,'New heat pump 1',NULL,NULL,NULL,'compression heat pump',NULL,9,99,NULL,NULL,NULL,NULL,NULL,NULL,NULL,NULL,NULL,NULL,NULL,NULL,0,NULL,NULL,NULL,11,NULL,NULL,NULL,NULL,NULL,NULL,NULL,NULL,NULL,NULL,NULL,NULL,NULL,NULL,0,NULL,NULL,NULL,NULL,NULL,NULL),(83,99,0,'New heat pump 1','EINSTEIN',2008,'EINSTEIN','compression heat pump',1,NULL,12000,NULL,NULL,NULL,3.45,NULL,NULL,NULL,NULL,NULL,NULL,NULL,NULL,1,'DBHeatPump','COMP',20,6,NULL,NULL,NULL,NULL,NULL,NULL,NULL,NULL,NULL,NULL,NULL,NULL,NULL,NULL,0,NULL,NULL,NULL,NULL,NULL,NULL),(84,99,0,'New heat pump 2','EINSTEIN',2008,'EINSTEIN','compression heat pump',1,NULL,12000,NULL,NULL,NULL,3.45,NULL,NULL,NULL,NULL,NULL,NULL,NULL,NULL,1,'DBHeatPump','COMP',20,6,NULL,NULL,NULL,NULL,NULL,NULL,NULL,NULL,NULL,NULL,NULL,NULL,NULL,NULL,0,NULL,NULL,NULL,NULL,NULL,NULL),(85,99,0,'New heat pump 3','EINSTEIN',2008,'EINSTEIN','compression heat pump',1,NULL,12000,NULL,NULL,NULL,3.45,NULL,NULL,NULL,NULL,NULL,NULL,NULL,NULL,1,'DBHeatPump','COMP',20,6,NULL,NULL,NULL,NULL,NULL,NULL,NULL,NULL,NULL,NULL,NULL,NULL,NULL,NULL,0,NULL,NULL,NULL,NULL,NULL,NULL),(86,99,0,'New heat pump 4','EINSTEIN',2008,'EINSTEIN','compression heat pump',1,NULL,12000,NULL,NULL,NULL,3.45,NULL,NULL,NULL,NULL,NULL,NULL,NULL,NULL,1,'DBHeatPump','COMP',20,6,NULL,NULL,NULL,NULL,NULL,NULL,NULL,NULL,NULL,NULL,NULL,NULL,NULL,NULL,0,NULL,NULL,NULL,NULL,NULL,NULL),(87,99,0,'New heat pump 5','EINSTEIN',2008,'EINSTEIN','compression heat pump',1,NULL,8000,NULL,NULL,NULL,3.36,NULL,NULL,NULL,NULL,NULL,NULL,NULL,NULL,1,'DBHeatPump','COMP',18,6,NULL,NULL,NULL,NULL,NULL,NULL,NULL,NULL,NULL,NULL,NULL,NULL,NULL,NULL,0,NULL,NULL,NULL,NULL,NULL,NULL),(541,36,3,'Boiler 2',NULL,NULL,NULL,NULL,NULL,3,500,NULL,NULL,NULL,NULL,NULL,NULL,NULL,NULL,NULL,NULL,NULL,NULL,0,NULL,NULL,NULL,2,NULL,NULL,NULL,NULL,NULL,NULL,NULL,NULL,NULL,NULL,NULL,NULL,NULL,NULL,0,NULL,NULL,NULL,NULL,NULL,NULL),(512,2,2,'Chiller',NULL,NULL,NULL,NULL,NULL,9,9999,NULL,NULL,NULL,NULL,NULL,NULL,NULL,NULL,NULL,NULL,NULL,NULL,0,NULL,NULL,NULL,5,NULL,NULL,NULL,NULL,NULL,NULL,NULL,NULL,NULL,NULL,NULL,NULL,NULL,NULL,0,NULL,NULL,NULL,NULL,NULL,NULL),(537,36,0,'Chiller',NULL,NULL,NULL,NULL,NULL,9,9999,NULL,NULL,NULL,NULL,NULL,NULL,NULL,NULL,NULL,NULL,NULL,NULL,0,NULL,NULL,NULL,5,NULL,NULL,NULL,NULL,NULL,NULL,NULL,NULL,NULL,NULL,NULL,NULL,NULL,NULL,0,NULL,NULL,NULL,NULL,NULL,NULL),(538,36,2,'Chiller',NULL,NULL,NULL,NULL,NULL,9,9999,NULL,NULL,NULL,NULL,NULL,NULL,NULL,NULL,NULL,NULL,NULL,NULL,0,NULL,NULL,NULL,5,NULL,NULL,NULL,NULL,NULL,NULL,NULL,NULL,NULL,NULL,NULL,NULL,NULL,NULL,0,NULL,NULL,NULL,NULL,NULL,NULL),(539,36,4,'Burner',NULL,NULL,NULL,NULL,NULL,5,1200,NULL,NULL,NULL,NULL,NULL,NULL,NULL,NULL,NULL,NULL,NULL,NULL,0,NULL,NULL,NULL,3,NULL,NULL,NULL,NULL,NULL,NULL,NULL,NULL,NULL,NULL,NULL,NULL,NULL,NULL,0,NULL,NULL,NULL,NULL,NULL,NULL),(540,36,4,'Chiller',NULL,NULL,NULL,NULL,NULL,9,9999,NULL,NULL,NULL,NULL,NULL,NULL,NULL,NULL,NULL,NULL,NULL,NULL,0,NULL,NULL,NULL,5,NULL,NULL,NULL,NULL,NULL,NULL,NULL,NULL,NULL,NULL,NULL,NULL,NULL,NULL,0,NULL,NULL,NULL,NULL,NULL,NULL),(527,2,4,'Chiller',NULL,NULL,NULL,NULL,NULL,9,9999,NULL,NULL,NULL,NULL,NULL,NULL,NULL,NULL,NULL,NULL,NULL,NULL,0,NULL,NULL,NULL,5,NULL,NULL,NULL,NULL,NULL,NULL,NULL,NULL,NULL,NULL,NULL,NULL,NULL,NULL,0,NULL,NULL,NULL,NULL,NULL,NULL),(516,2,3,'Boiler 2',NULL,NULL,NULL,NULL,NULL,3,500,NULL,NULL,NULL,NULL,NULL,NULL,NULL,NULL,NULL,NULL,NULL,NULL,0,NULL,NULL,NULL,2,NULL,NULL,NULL,NULL,NULL,NULL,NULL,NULL,NULL,NULL,NULL,NULL,NULL,NULL,0,NULL,NULL,NULL,NULL,NULL,NULL),(482,2,2,'Chiller',NULL,NULL,NULL,NULL,NULL,9,9999,NULL,NULL,NULL,NULL,NULL,NULL,NULL,NULL,NULL,NULL,NULL,NULL,0,NULL,NULL,NULL,5,NULL,NULL,NULL,NULL,NULL,NULL,NULL,NULL,NULL,NULL,NULL,NULL,NULL,NULL,0,NULL,NULL,NULL,NULL,NULL,NULL),(513,2,3,'Chiller',NULL,NULL,NULL,NULL,NULL,9,9999,NULL,NULL,NULL,NULL,NULL,NULL,NULL,NULL,NULL,NULL,NULL,NULL,0,NULL,NULL,NULL,5,NULL,NULL,NULL,NULL,NULL,NULL,NULL,NULL,NULL,NULL,NULL,NULL,NULL,NULL,0,NULL,NULL,NULL,NULL,NULL,NULL),(443,2,5,'Boiler 2',NULL,NULL,NULL,NULL,NULL,3,500,NULL,NULL,NULL,NULL,NULL,NULL,NULL,NULL,NULL,NULL,NULL,NULL,0,NULL,NULL,NULL,2,NULL,NULL,NULL,NULL,NULL,NULL,NULL,NULL,NULL,NULL,NULL,NULL,NULL,NULL,0,NULL,NULL,NULL,NULL,NULL,NULL),(522,2,3,'Boiler 2',NULL,NULL,NULL,NULL,NULL,3,500,NULL,NULL,NULL,NULL,NULL,NULL,NULL,NULL,NULL,NULL,NULL,NULL,0,NULL,NULL,NULL,2,NULL,NULL,NULL,NULL,NULL,NULL,NULL,NULL,NULL,NULL,NULL,NULL,NULL,NULL,0,NULL,NULL,NULL,NULL,NULL,NULL),(519,2,3,'Burner',NULL,NULL,NULL,NULL,NULL,5,1200,NULL,NULL,NULL,NULL,NULL,NULL,NULL,NULL,NULL,NULL,NULL,NULL,0,NULL,NULL,NULL,3,NULL,NULL,NULL,NULL,NULL,NULL,NULL,NULL,NULL,NULL,NULL,NULL,NULL,NULL,0,NULL,NULL,NULL,NULL,NULL,NULL),(536,36,0,'Boiler 3',NULL,NULL,NULL,NULL,NULL,5,1800,NULL,NULL,NULL,NULL,NULL,NULL,NULL,NULL,NULL,NULL,NULL,NULL,0,NULL,NULL,NULL,4,NULL,NULL,NULL,NULL,NULL,NULL,NULL,NULL,NULL,NULL,NULL,NULL,NULL,NULL,0,NULL,NULL,NULL,NULL,NULL,NULL),(439,2,4,'Burner',NULL,NULL,NULL,NULL,NULL,5,1200,NULL,NULL,NULL,NULL,NULL,NULL,NULL,NULL,NULL,NULL,NULL,NULL,0,NULL,NULL,NULL,3,NULL,NULL,NULL,NULL,NULL,NULL,NULL,NULL,NULL,NULL,NULL,NULL,NULL,NULL,0,NULL,NULL,NULL,NULL,NULL,NULL),(535,36,0,'Burner',NULL,NULL,NULL,NULL,NULL,5,1200,NULL,NULL,NULL,NULL,NULL,NULL,NULL,NULL,NULL,NULL,NULL,NULL,0,NULL,NULL,NULL,3,NULL,NULL,NULL,NULL,NULL,NULL,NULL,NULL,NULL,NULL,NULL,NULL,NULL,NULL,0,NULL,NULL,NULL,NULL,NULL,NULL),(474,2,5,'Boiler 2',NULL,NULL,NULL,NULL,NULL,3,500,NULL,NULL,NULL,NULL,NULL,NULL,NULL,NULL,NULL,NULL,NULL,NULL,0,NULL,NULL,NULL,2,NULL,NULL,NULL,NULL,NULL,NULL,NULL,NULL,NULL,NULL,NULL,NULL,NULL,NULL,0,NULL,NULL,NULL,NULL,NULL,NULL),(520,2,3,'Boiler 2',NULL,NULL,NULL,NULL,NULL,3,500,NULL,NULL,NULL,NULL,NULL,NULL,NULL,NULL,NULL,NULL,NULL,NULL,0,NULL,NULL,NULL,2,NULL,NULL,NULL,NULL,NULL,NULL,NULL,NULL,NULL,NULL,NULL,NULL,NULL,NULL,0,NULL,NULL,NULL,NULL,NULL,NULL),(521,2,3,'Boiler 1',NULL,NULL,'EINSTEIN','HP COMP',NULL,3,500,NULL,NULL,NULL,3.16,NULL,NULL,NULL,NULL,NULL,NULL,NULL,NULL,0,NULL,NULL,NULL,1,NULL,NULL,NULL,NULL,NULL,NULL,NULL,NULL,NULL,NULL,NULL,NULL,NULL,NULL,0,NULL,NULL,NULL,NULL,NULL,NULL),(515,2,3,'Boiler 3',NULL,NULL,NULL,NULL,NULL,5,1800,NULL,NULL,NULL,NULL,NULL,NULL,NULL,NULL,NULL,NULL,NULL,NULL,0,NULL,NULL,NULL,4,NULL,NULL,NULL,NULL,NULL,NULL,NULL,NULL,NULL,NULL,NULL,NULL,NULL,NULL,0,NULL,NULL,NULL,NULL,NULL,NULL),(514,2,3,'Chiller',NULL,NULL,NULL,NULL,NULL,9,9999,NULL,NULL,NULL,NULL,NULL,NULL,NULL,NULL,NULL,NULL,NULL,NULL,0,NULL,NULL,NULL,5,NULL,NULL,NULL,NULL,NULL,NULL,NULL,NULL,NULL,NULL,NULL,NULL,NULL,NULL,0,NULL,NULL,NULL,NULL,NULL,NULL),(498,2,2,'Boiler 1',NULL,NULL,'EINSTEIN','HP COMP',NULL,3,500,NULL,NULL,NULL,3.16,NULL,NULL,NULL,NULL,NULL,NULL,NULL,NULL,0,NULL,NULL,NULL,1,NULL,NULL,NULL,NULL,NULL,NULL,NULL,NULL,NULL,NULL,NULL,NULL,NULL,NULL,0,NULL,NULL,NULL,NULL,NULL,NULL),(511,2,2,'Boiler 3',NULL,NULL,NULL,NULL,NULL,5,1800,NULL,NULL,NULL,NULL,NULL,NULL,NULL,NULL,NULL,NULL,NULL,NULL,0,NULL,NULL,NULL,4,NULL,NULL,NULL,NULL,NULL,NULL,NULL,NULL,NULL,NULL,NULL,NULL,NULL,NULL,0,NULL,NULL,NULL,NULL,NULL,NULL),(502,2,2,'Chiller',NULL,NULL,NULL,NULL,NULL,9,9999,NULL,NULL,NULL,NULL,NULL,NULL,NULL,NULL,NULL,NULL,NULL,NULL,0,NULL,NULL,NULL,5,NULL,NULL,NULL,NULL,NULL,NULL,NULL,NULL,NULL,NULL,NULL,NULL,NULL,NULL,0,NULL,NULL,NULL,NULL,NULL,NULL),(510,2,2,'Burner',NULL,NULL,NULL,NULL,NULL,5,1200,NULL,NULL,NULL,NULL,NULL,NULL,NULL,NULL,NULL,NULL,NULL,NULL,0,NULL,NULL,NULL,3,NULL,NULL,NULL,NULL,NULL,NULL,NULL,NULL,NULL,NULL,NULL,NULL,NULL,NULL,0,NULL,NULL,NULL,NULL,NULL,NULL),(508,2,2,'Boiler 1',NULL,NULL,'EINSTEIN','HP COMP',NULL,3,500,NULL,NULL,NULL,3.16,NULL,NULL,NULL,NULL,NULL,NULL,NULL,NULL,0,NULL,NULL,NULL,1,NULL,NULL,NULL,NULL,NULL,NULL,NULL,NULL,NULL,NULL,NULL,NULL,NULL,NULL,0,NULL,NULL,NULL,NULL,NULL,NULL),(487,2,1,'Chiller',NULL,NULL,NULL,NULL,NULL,9,9999,NULL,NULL,NULL,NULL,NULL,NULL,NULL,NULL,NULL,NULL,NULL,NULL,0,NULL,NULL,NULL,5,NULL,NULL,NULL,NULL,NULL,NULL,NULL,NULL,NULL,NULL,NULL,NULL,NULL,NULL,0,NULL,NULL,NULL,NULL,NULL,NULL),(507,2,1,'Chiller',NULL,NULL,NULL,NULL,NULL,9,9999,NULL,NULL,NULL,NULL,NULL,NULL,NULL,NULL,NULL,NULL,NULL,NULL,0,NULL,NULL,NULL,5,NULL,NULL,NULL,NULL,NULL,NULL,NULL,NULL,NULL,NULL,NULL,NULL,NULL,NULL,0,NULL,NULL,NULL,NULL,NULL,NULL),(486,2,1,'Boiler 3',NULL,NULL,NULL,NULL,NULL,5,1800,NULL,NULL,NULL,NULL,NULL,NULL,NULL,NULL,NULL,NULL,NULL,NULL,0,NULL,NULL,NULL,4,NULL,NULL,NULL,NULL,NULL,NULL,NULL,NULL,NULL,NULL,NULL,NULL,NULL,NULL,0,NULL,NULL,NULL,NULL,NULL,NULL),(504,2,1,'Boiler 2',NULL,NULL,NULL,NULL,NULL,3,500,NULL,NULL,NULL,NULL,NULL,NULL,NULL,NULL,NULL,NULL,NULL,NULL,0,NULL,NULL,NULL,2,NULL,NULL,NULL,NULL,NULL,NULL,NULL,NULL,NULL,NULL,NULL,NULL,NULL,NULL,0,NULL,NULL,NULL,NULL,NULL,NULL),(506,2,1,'Boiler 3',NULL,NULL,NULL,NULL,NULL,5,1800,NULL,NULL,NULL,NULL,NULL,NULL,NULL,NULL,NULL,NULL,NULL,NULL,0,NULL,NULL,NULL,4,NULL,NULL,NULL,NULL,NULL,NULL,NULL,NULL,NULL,NULL,NULL,NULL,NULL,NULL,0,NULL,NULL,NULL,NULL,NULL,NULL),(494,2,1,'Boiler 2',NULL,NULL,NULL,NULL,NULL,3,500,NULL,NULL,NULL,NULL,NULL,NULL,NULL,NULL,NULL,NULL,NULL,NULL,0,NULL,NULL,NULL,2,NULL,NULL,NULL,NULL,NULL,NULL,NULL,NULL,NULL,NULL,NULL,NULL,NULL,NULL,0,NULL,NULL,NULL,NULL,NULL,NULL),(505,2,1,'Burner',NULL,NULL,NULL,NULL,NULL,5,1200,NULL,NULL,NULL,NULL,NULL,NULL,NULL,NULL,NULL,NULL,NULL,NULL,0,NULL,NULL,NULL,3,NULL,NULL,NULL,NULL,NULL,NULL,NULL,NULL,NULL,NULL,NULL,NULL,NULL,NULL,0,NULL,NULL,NULL,NULL,NULL,NULL),(422,2,1,'Boiler 2',NULL,NULL,NULL,NULL,NULL,3,500,NULL,NULL,NULL,NULL,NULL,NULL,NULL,NULL,NULL,NULL,NULL,NULL,0,NULL,NULL,NULL,2,NULL,NULL,NULL,NULL,NULL,NULL,NULL,NULL,NULL,NULL,NULL,NULL,NULL,NULL,0,NULL,NULL,NULL,NULL,NULL,NULL),(503,2,1,'Boiler 1',NULL,NULL,'EINSTEIN','HP COMP',NULL,3,500,NULL,NULL,NULL,3.16,NULL,NULL,NULL,NULL,NULL,NULL,NULL,NULL,0,NULL,NULL,NULL,1,NULL,NULL,NULL,NULL,NULL,NULL,NULL,NULL,NULL,NULL,NULL,NULL,NULL,NULL,0,NULL,NULL,NULL,NULL,NULL,NULL),(484,2,1,'Boiler 2',NULL,NULL,NULL,NULL,NULL,3,500,NULL,NULL,NULL,NULL,NULL,NULL,NULL,NULL,NULL,NULL,NULL,NULL,0,NULL,NULL,NULL,2,NULL,NULL,NULL,NULL,NULL,NULL,NULL,NULL,NULL,NULL,NULL,NULL,NULL,NULL,0,NULL,NULL,NULL,NULL,NULL,NULL),(478,2,2,'Boiler 1',NULL,NULL,'EINSTEIN','HP COMP',NULL,3,500,NULL,NULL,NULL,3.16,NULL,NULL,NULL,NULL,NULL,NULL,NULL,NULL,0,NULL,NULL,NULL,1,NULL,NULL,NULL,NULL,NULL,NULL,NULL,NULL,NULL,NULL,NULL,NULL,NULL,NULL,0,NULL,NULL,NULL,NULL,NULL,NULL),(509,2,2,'Boiler 2',NULL,NULL,NULL,NULL,NULL,3,500,NULL,NULL,NULL,NULL,NULL,NULL,NULL,NULL,NULL,NULL,NULL,NULL,0,NULL,NULL,NULL,2,NULL,NULL,NULL,NULL,NULL,NULL,NULL,NULL,NULL,NULL,NULL,NULL,NULL,NULL,0,NULL,NULL,NULL,NULL,NULL,NULL),(500,2,2,'Burner',NULL,NULL,NULL,NULL,NULL,5,1200,NULL,NULL,NULL,NULL,NULL,NULL,NULL,NULL,NULL,NULL,NULL,NULL,0,NULL,NULL,NULL,3,NULL,NULL,NULL,NULL,NULL,NULL,NULL,NULL,NULL,NULL,NULL,NULL,NULL,NULL,0,NULL,NULL,NULL,NULL,NULL,NULL),(534,36,0,'Boiler 2',NULL,NULL,NULL,NULL,NULL,3,500,NULL,NULL,NULL,NULL,NULL,NULL,NULL,NULL,NULL,NULL,NULL,NULL,0,NULL,NULL,NULL,2,NULL,NULL,NULL,NULL,NULL,NULL,NULL,NULL,NULL,NULL,NULL,NULL,NULL,NULL,0,NULL,NULL,NULL,NULL,NULL,NULL),(517,2,3,'Boiler 3',NULL,NULL,NULL,NULL,NULL,5,1800,NULL,NULL,NULL,NULL,NULL,NULL,NULL,NULL,NULL,NULL,NULL,NULL,0,NULL,NULL,NULL,4,NULL,NULL,NULL,NULL,NULL,NULL,NULL,NULL,NULL,NULL,NULL,NULL,NULL,NULL,0,NULL,NULL,NULL,NULL,NULL,NULL),(518,2,3,'Boiler 2',NULL,NULL,NULL,NULL,NULL,3,500,NULL,NULL,NULL,NULL,NULL,NULL,NULL,NULL,NULL,NULL,NULL,NULL,0,NULL,NULL,NULL,2,NULL,NULL,NULL,NULL,NULL,NULL,NULL,NULL,NULL,NULL,NULL,NULL,NULL,NULL,0,NULL,NULL,NULL,NULL,NULL,NULL),(404,2,5,'Boiler 3',NULL,NULL,NULL,NULL,NULL,5,1800,NULL,NULL,NULL,NULL,NULL,NULL,NULL,NULL,NULL,NULL,NULL,NULL,0,NULL,NULL,NULL,4,NULL,NULL,NULL,NULL,NULL,NULL,NULL,NULL,NULL,NULL,NULL,NULL,NULL,NULL,0,NULL,NULL,NULL,NULL,NULL,NULL),(533,36,0,'Boiler 1',NULL,NULL,'EINSTEIN','HP COMP',NULL,3,500,NULL,NULL,NULL,3.16,NULL,NULL,NULL,NULL,NULL,NULL,NULL,NULL,0,NULL,NULL,NULL,1,NULL,NULL,NULL,NULL,NULL,NULL,NULL,NULL,NULL,NULL,NULL,NULL,NULL,NULL,0,NULL,NULL,NULL,NULL,NULL,NULL),(477,2,5,'Chiller',NULL,NULL,NULL,NULL,NULL,9,9999,NULL,NULL,NULL,NULL,NULL,NULL,NULL,NULL,NULL,NULL,NULL,NULL,0,NULL,NULL,NULL,5,NULL,NULL,NULL,NULL,NULL,NULL,NULL,NULL,NULL,NULL,NULL,NULL,NULL,NULL,0,NULL,NULL,NULL,NULL,NULL,NULL),(542,36,2,'Chiller',NULL,NULL,NULL,NULL,NULL,9,9999,NULL,NULL,NULL,NULL,NULL,NULL,NULL,NULL,NULL,NULL,NULL,NULL,0,NULL,NULL,NULL,5,NULL,NULL,NULL,NULL,NULL,NULL,NULL,NULL,NULL,NULL,NULL,NULL,NULL,NULL,0,NULL,NULL,NULL,NULL,NULL,NULL),(543,36,4,'Boiler 1',NULL,NULL,'EINSTEIN','HP COMP',NULL,3,500,NULL,NULL,NULL,3.16,NULL,NULL,NULL,NULL,NULL,NULL,NULL,NULL,0,NULL,NULL,NULL,1,NULL,NULL,NULL,NULL,NULL,NULL,NULL,NULL,NULL,NULL,NULL,NULL,NULL,NULL,0,NULL,NULL,NULL,NULL,NULL,NULL),(544,36,3,'Chiller',NULL,NULL,NULL,NULL,NULL,9,9999,NULL,NULL,NULL,NULL,NULL,NULL,NULL,NULL,NULL,NULL,NULL,NULL,0,NULL,NULL,NULL,5,NULL,NULL,NULL,NULL,NULL,NULL,NULL,NULL,NULL,NULL,NULL,NULL,NULL,NULL,0,NULL,NULL,NULL,NULL,NULL,NULL),(545,36,5,'Boiler 2',NULL,NULL,NULL,NULL,NULL,3,500,NULL,NULL,NULL,NULL,NULL,NULL,NULL,NULL,NULL,NULL,NULL,NULL,0,NULL,NULL,NULL,2,NULL,NULL,NULL,NULL,NULL,NULL,NULL,NULL,NULL,NULL,NULL,NULL,NULL,NULL,0,NULL,NULL,NULL,NULL,NULL,NULL),(546,36,3,'Boiler 2',NULL,NULL,NULL,NULL,NULL,3,500,NULL,NULL,NULL,NULL,NULL,NULL,NULL,NULL,NULL,NULL,NULL,NULL,0,NULL,NULL,NULL,2,NULL,NULL,NULL,NULL,NULL,NULL,NULL,NULL,NULL,NULL,NULL,NULL,NULL,NULL,0,NULL,NULL,NULL,NULL,NULL,NULL),(547,36,3,'Burner',NULL,NULL,NULL,NULL,NULL,5,1200,NULL,NULL,NULL,NULL,NULL,NULL,NULL,NULL,NULL,NULL,NULL,NULL,0,NULL,NULL,NULL,3,NULL,NULL,NULL,NULL,NULL,NULL,NULL,NULL,NULL,NULL,NULL,NULL,NULL,NULL,0,NULL,NULL,NULL,NULL,NULL,NULL),(548,36,4,'Burner',NULL,NULL,NULL,NULL,NULL,5,1200,NULL,NULL,NULL,NULL,NULL,NULL,NULL,NULL,NULL,NULL,NULL,NULL,0,NULL,NULL,NULL,3,NULL,NULL,NULL,NULL,NULL,NULL,NULL,NULL,NULL,NULL,NULL,NULL,NULL,NULL,0,NULL,NULL,NULL,NULL,NULL,NULL),(549,36,5,'Boiler 2',NULL,NULL,NULL,NULL,NULL,3,500,NULL,NULL,NULL,NULL,NULL,NULL,NULL,NULL,NULL,NULL,NULL,NULL,0,NULL,NULL,NULL,2,NULL,NULL,NULL,NULL,NULL,NULL,NULL,NULL,NULL,NULL,NULL,NULL,NULL,NULL,0,NULL,NULL,NULL,NULL,NULL,NULL),(550,36,3,'Boiler 2',NULL,NULL,NULL,NULL,NULL,3,500,NULL,NULL,NULL,NULL,NULL,NULL,NULL,NULL,NULL,NULL,NULL,NULL,0,NULL,NULL,NULL,2,NULL,NULL,NULL,NULL,NULL,NULL,NULL,NULL,NULL,NULL,NULL,NULL,NULL,NULL,0,NULL,NULL,NULL,NULL,NULL,NULL),(551,36,3,'Boiler 1',NULL,NULL,'EINSTEIN','HP COMP',NULL,3,500,NULL,NULL,NULL,3.16,NULL,NULL,NULL,NULL,NULL,NULL,NULL,NULL,0,NULL,NULL,NULL,1,NULL,NULL,NULL,NULL,NULL,NULL,NULL,NULL,NULL,NULL,NULL,NULL,NULL,NULL,0,NULL,NULL,NULL,NULL,NULL,NULL),(552,36,3,'Boiler 3',NULL,NULL,NULL,NULL,NULL,5,1800,NULL,NULL,NULL,NULL,NULL,NULL,NULL,NULL,NULL,NULL,NULL,NULL,0,NULL,NULL,NULL,4,NULL,NULL,NULL,NULL,NULL,NULL,NULL,NULL,NULL,NULL,NULL,NULL,NULL,NULL,0,NULL,NULL,NULL,NULL,NULL,NULL),(553,36,3,'Chiller',NULL,NULL,NULL,NULL,NULL,9,9999,NULL,NULL,NULL,NULL,NULL,NULL,NULL,NULL,NULL,NULL,NULL,NULL,0,NULL,NULL,NULL,5,NULL,NULL,NULL,NULL,NULL,NULL,NULL,NULL,NULL,NULL,NULL,NULL,NULL,NULL,0,NULL,NULL,NULL,NULL,NULL,NULL),(554,36,2,'Boiler 1',NULL,NULL,'EINSTEIN','HP COMP',NULL,3,500,NULL,NULL,NULL,3.16,NULL,NULL,NULL,NULL,NULL,NULL,NULL,NULL,0,NULL,NULL,NULL,1,NULL,NULL,NULL,NULL,NULL,NULL,NULL,NULL,NULL,NULL,NULL,NULL,NULL,NULL,0,NULL,NULL,NULL,NULL,NULL,NULL),(555,36,2,'Boiler 3',NULL,NULL,NULL,NULL,NULL,5,1800,NULL,NULL,NULL,NULL,NULL,NULL,NULL,NULL,NULL,NULL,NULL,NULL,0,NULL,NULL,NULL,4,NULL,NULL,NULL,NULL,NULL,NULL,NULL,NULL,NULL,NULL,NULL,NULL,NULL,NULL,0,NULL,NULL,NULL,NULL,NULL,NULL),(556,36,2,'Chiller',NULL,NULL,NULL,NULL,NULL,9,9999,NULL,NULL,NULL,NULL,NULL,NULL,NULL,NULL,NULL,NULL,NULL,NULL,0,NULL,NULL,NULL,5,NULL,NULL,NULL,NULL,NULL,NULL,NULL,NULL,NULL,NULL,NULL,NULL,NULL,NULL,0,NULL,NULL,NULL,NULL,NULL,NULL),(557,36,2,'Burner',NULL,NULL,NULL,NULL,NULL,5,1200,NULL,NULL,NULL,NULL,NULL,NULL,NULL,NULL,NULL,NULL,NULL,NULL,0,NULL,NULL,NULL,3,NULL,NULL,NULL,NULL,NULL,NULL,NULL,NULL,NULL,NULL,NULL,NULL,NULL,NULL,0,NULL,NULL,NULL,NULL,NULL,NULL),(558,36,2,'Boiler 1',NULL,NULL,'EINSTEIN','HP COMP',NULL,3,500,NULL,NULL,NULL,3.16,NULL,NULL,NULL,NULL,NULL,NULL,NULL,NULL,0,NULL,NULL,NULL,1,NULL,NULL,NULL,NULL,NULL,NULL,NULL,NULL,NULL,NULL,NULL,NULL,NULL,NULL,0,NULL,NULL,NULL,NULL,NULL,NULL),(559,36,4,'Burner',NULL,NULL,NULL,NULL,NULL,5,1200,NULL,NULL,NULL,NULL,NULL,NULL,NULL,NULL,NULL,NULL,NULL,NULL,0,NULL,NULL,NULL,3,NULL,NULL,NULL,NULL,NULL,NULL,NULL,NULL,NULL,NULL,NULL,NULL,NULL,NULL,0,NULL,NULL,NULL,NULL,NULL,NULL),(560,36,1,'Chiller',NULL,NULL,NULL,NULL,NULL,9,9999,NULL,NULL,NULL,NULL,NULL,NULL,NULL,NULL,NULL,NULL,NULL,NULL,0,NULL,NULL,NULL,5,NULL,NULL,NULL,NULL,NULL,NULL,NULL,NULL,NULL,NULL,NULL,NULL,NULL,NULL,0,NULL,NULL,NULL,NULL,NULL,NULL),(561,36,1,'Chiller',NULL,NULL,NULL,NULL,NULL,9,9999,NULL,NULL,NULL,NULL,NULL,NULL,NULL,NULL,NULL,NULL,NULL,NULL,0,NULL,NULL,NULL,5,NULL,NULL,NULL,NULL,NULL,NULL,NULL,NULL,NULL,NULL,NULL,NULL,NULL,NULL,0,NULL,NULL,NULL,NULL,NULL,NULL),(562,36,1,'Boiler 3',NULL,NULL,NULL,NULL,NULL,5,1800,NULL,NULL,NULL,NULL,NULL,NULL,NULL,NULL,NULL,NULL,NULL,NULL,0,NULL,NULL,NULL,4,NULL,NULL,NULL,NULL,NULL,NULL,NULL,NULL,NULL,NULL,NULL,NULL,NULL,NULL,0,NULL,NULL,NULL,NULL,NULL,NULL),(563,36,1,'Boiler 2',NULL,NULL,NULL,NULL,NULL,3,500,NULL,NULL,NULL,NULL,NULL,NULL,NULL,NULL,NULL,NULL,NULL,NULL,0,NULL,NULL,NULL,2,NULL,NULL,NULL,NULL,NULL,NULL,NULL,NULL,NULL,NULL,NULL,NULL,NULL,NULL,0,NULL,NULL,NULL,NULL,NULL,NULL),(564,36,1,'Boiler 3',NULL,NULL,NULL,NULL,NULL,5,1800,NULL,NULL,NULL,NULL,NULL,NULL,NULL,NULL,NULL,NULL,NULL,NULL,0,NULL,NULL,NULL,4,NULL,NULL,NULL,NULL,NULL,NULL,NULL,NULL,NULL,NULL,NULL,NULL,NULL,NULL,0,NULL,NULL,NULL,NULL,NULL,NULL),(565,36,1,'Boiler 2',NULL,NULL,NULL,NULL,NULL,3,500,NULL,NULL,NULL,NULL,NULL,NULL,NULL,NULL,NULL,NULL,NULL,NULL,0,NULL,NULL,NULL,2,NULL,NULL,NULL,NULL,NULL,NULL,NULL,NULL,NULL,NULL,NULL,NULL,NULL,NULL,0,NULL,NULL,NULL,NULL,NULL,NULL),(566,36,1,'Burner',NULL,NULL,NULL,NULL,NULL,5,1200,NULL,NULL,NULL,NULL,NULL,NULL,NULL,NULL,NULL,NULL,NULL,NULL,0,NULL,NULL,NULL,3,NULL,NULL,NULL,NULL,NULL,NULL,NULL,NULL,NULL,NULL,NULL,NULL,NULL,NULL,0,NULL,NULL,NULL,NULL,NULL,NULL),(567,36,1,'Boiler 2',NULL,NULL,NULL,NULL,NULL,3,500,NULL,NULL,NULL,NULL,NULL,NULL,NULL,NULL,NULL,NULL,NULL,NULL,0,NULL,NULL,NULL,2,NULL,NULL,NULL,NULL,NULL,NULL,NULL,NULL,NULL,NULL,NULL,NULL,NULL,NULL,0,NULL,NULL,NULL,NULL,NULL,NULL),(568,36,1,'Boiler 1',NULL,NULL,'EINSTEIN','HP COMP',NULL,3,500,NULL,NULL,NULL,3.16,NULL,NULL,NULL,NULL,NULL,NULL,NULL,NULL,0,NULL,NULL,NULL,1,NULL,NULL,NULL,NULL,NULL,NULL,NULL,NULL,NULL,NULL,NULL,NULL,NULL,NULL,0,NULL,NULL,NULL,NULL,NULL,NULL),(569,36,1,'Boiler 2',NULL,NULL,NULL,NULL,NULL,3,500,NULL,NULL,NULL,NULL,NULL,NULL,NULL,NULL,NULL,NULL,NULL,NULL,0,NULL,NULL,NULL,2,NULL,NULL,NULL,NULL,NULL,NULL,NULL,NULL,NULL,NULL,NULL,NULL,NULL,NULL,0,NULL,NULL,NULL,NULL,NULL,NULL),(570,36,2,'Boiler 1',NULL,NULL,'EINSTEIN','HP COMP',NULL,3,500,NULL,NULL,NULL,3.16,NULL,NULL,NULL,NULL,NULL,NULL,NULL,NULL,0,NULL,NULL,NULL,1,NULL,NULL,NULL,NULL,NULL,NULL,NULL,NULL,NULL,NULL,NULL,NULL,NULL,NULL,0,NULL,NULL,NULL,NULL,NULL,NULL),(571,36,2,'Boiler 2',NULL,NULL,NULL,NULL,NULL,3,500,NULL,NULL,NULL,NULL,NULL,NULL,NULL,NULL,NULL,NULL,NULL,NULL,0,NULL,NULL,NULL,2,NULL,NULL,NULL,NULL,NULL,NULL,NULL,NULL,NULL,NULL,NULL,NULL,NULL,NULL,0,NULL,NULL,NULL,NULL,NULL,NULL),(572,36,2,'Burner',NULL,NULL,NULL,NULL,NULL,5,1200,NULL,NULL,NULL,NULL,NULL,NULL,NULL,NULL,NULL,NULL,NULL,NULL,0,NULL,NULL,NULL,3,NULL,NULL,NULL,NULL,NULL,NULL,NULL,NULL,NULL,NULL,NULL,NULL,NULL,NULL,0,NULL,NULL,NULL,NULL,NULL,NULL),(573,36,3,'Boiler 3',NULL,NULL,NULL,NULL,NULL,5,1800,NULL,NULL,NULL,NULL,NULL,NULL,NULL,NULL,NULL,NULL,NULL,NULL,0,NULL,NULL,NULL,4,NULL,NULL,NULL,NULL,NULL,NULL,NULL,NULL,NULL,NULL,NULL,NULL,NULL,NULL,0,NULL,NULL,NULL,NULL,NULL,NULL),(574,36,3,'Boiler 2',NULL,NULL,NULL,NULL,NULL,3,500,NULL,NULL,NULL,NULL,NULL,NULL,NULL,NULL,NULL,NULL,NULL,NULL,0,NULL,NULL,NULL,2,NULL,NULL,NULL,NULL,NULL,NULL,NULL,NULL,NULL,NULL,NULL,NULL,NULL,NULL,0,NULL,NULL,NULL,NULL,NULL,NULL),(575,36,5,'Boiler 3',NULL,NULL,NULL,NULL,NULL,5,1800,NULL,NULL,NULL,NULL,NULL,NULL,NULL,NULL,NULL,NULL,NULL,NULL,0,NULL,NULL,NULL,4,NULL,NULL,NULL,NULL,NULL,NULL,NULL,NULL,NULL,NULL,NULL,NULL,NULL,NULL,0,NULL,NULL,NULL,NULL,NULL,NULL),(576,36,5,'Chiller',NULL,NULL,NULL,NULL,NULL,9,9999,NULL,NULL,NULL,NULL,NULL,NULL,NULL,NULL,NULL,NULL,NULL,NULL,0,NULL,NULL,NULL,5,NULL,NULL,NULL,NULL,NULL,NULL,NULL,NULL,NULL,NULL,NULL,NULL,NULL,NULL,0,NULL,NULL,NULL,NULL,NULL,NULL),(580,2,0,'New heat pump 1','NULL',0,'CX300','compression',1,NULL,0,NULL,NULL,NULL,0,NULL,NULL,NULL,NULL,NULL,NULL,NULL,NULL,1,'DBHeatPump','compression',1,6,NULL,NULL,NULL,NULL,NULL,NULL,NULL,NULL,NULL,NULL,NULL,NULL,NULL,NULL,0,NULL,NULL,NULL,NULL,NULL,NULL),(582,2,0,'New heat pump 1','EINSTEIN',2008,'EINSTEIN','HeatPump',NULL,NULL,15,NULL,NULL,NULL,2.85,NULL,NULL,NULL,NULL,NULL,NULL,NULL,NULL,0,NULL,NULL,NULL,7,NULL,NULL,NULL,NULL,NULL,NULL,NULL,NULL,NULL,NULL,NULL,NULL,NULL,NULL,0,NULL,NULL,NULL,NULL,NULL,NULL),(583,2,0,'New heat pump 1','NULL',0,'CX300','HeatPump (specify subtype)',NULL,NULL,0,NULL,NULL,NULL,0,NULL,NULL,NULL,NULL,NULL,NULL,NULL,NULL,0,NULL,NULL,NULL,8,NULL,NULL,NULL,NULL,NULL,NULL,NULL,NULL,NULL,NULL,NULL,NULL,NULL,NULL,0,NULL,NULL,NULL,NULL,NULL,NULL),(584,2,0,'New heat pump 1','NULL',0,'CX300','HeatPump (specify subtype)',NULL,NULL,0,NULL,NULL,NULL,0,NULL,NULL,NULL,NULL,NULL,NULL,NULL,NULL,0,NULL,NULL,NULL,9,NULL,NULL,NULL,NULL,NULL,NULL,NULL,NULL,NULL,NULL,NULL,NULL,NULL,NULL,0,NULL,NULL,NULL,NULL,NULL,NULL),(585,2,0,'New heat pump 1','NULL',0,'CX300','HeatPump (specify subtype)',NULL,NULL,0,NULL,NULL,NULL,0,NULL,NULL,NULL,NULL,NULL,NULL,NULL,NULL,0,NULL,NULL,NULL,10,NULL,NULL,NULL,NULL,NULL,NULL,NULL,NULL,NULL,NULL,NULL,NULL,NULL,NULL,0,NULL,NULL,NULL,NULL,NULL,NULL),(586,2,0,'New heat pump 1','NULL',0,'CX300','HeatPump (specify subtype)',NULL,NULL,0,NULL,NULL,NULL,0,NULL,NULL,NULL,NULL,NULL,NULL,NULL,NULL,0,NULL,NULL,NULL,11,NULL,NULL,NULL,NULL,NULL,NULL,NULL,NULL,NULL,NULL,NULL,NULL,NULL,NULL,0,NULL,NULL,NULL,NULL,NULL,NULL),(587,2,0,'New heat pump 1','NULL',0,'CX300','HeatPump (specify subtype)',NULL,NULL,0,NULL,NULL,NULL,0,NULL,NULL,NULL,NULL,NULL,NULL,NULL,NULL,0,NULL,NULL,NULL,12,NULL,NULL,NULL,NULL,NULL,NULL,NULL,NULL,NULL,NULL,NULL,NULL,NULL,NULL,0,NULL,NULL,NULL,NULL,NULL,NULL),(589,2,0,'New heat pump 1','NULL',0,'CX300','compression heat pump',1,NULL,0,NULL,NULL,NULL,0,NULL,NULL,NULL,NULL,NULL,NULL,NULL,NULL,1,'DBHeatPump','compression',1,13,NULL,NULL,NULL,NULL,NULL,NULL,NULL,NULL,NULL,NULL,NULL,NULL,NULL,NULL,0,NULL,NULL,NULL,NULL,NULL,NULL),(609,2,4,'New heat pump 1',NULL,0,'CX300','compression',1,NULL,0,NULL,NULL,NULL,0,NULL,NULL,NULL,NULL,NULL,NULL,NULL,NULL,1,'DBHeatPump','compression',1,6,NULL,NULL,NULL,NULL,NULL,NULL,NULL,NULL,NULL,NULL,NULL,NULL,NULL,NULL,0,NULL,NULL,NULL,NULL,NULL,NULL),(594,2,4,'Chiller',NULL,NULL,NULL,NULL,NULL,9,9999,NULL,NULL,NULL,NULL,NULL,NULL,NULL,NULL,NULL,NULL,NULL,NULL,0,NULL,NULL,NULL,5,NULL,NULL,NULL,NULL,NULL,NULL,NULL,NULL,NULL,NULL,NULL,NULL,NULL,NULL,0,NULL,NULL,NULL,NULL,NULL,NULL),(608,2,4,'Chiller',NULL,NULL,NULL,NULL,NULL,9,9999,NULL,NULL,NULL,NULL,NULL,NULL,NULL,NULL,NULL,NULL,NULL,NULL,0,NULL,NULL,NULL,5,NULL,NULL,NULL,NULL,NULL,NULL,NULL,NULL,NULL,NULL,NULL,NULL,NULL,NULL,0,NULL,NULL,NULL,NULL,NULL,NULL),(606,2,4,'Burner',NULL,NULL,NULL,NULL,NULL,5,1200,NULL,NULL,NULL,NULL,NULL,NULL,NULL,NULL,NULL,NULL,NULL,NULL,0,NULL,NULL,NULL,3,NULL,NULL,NULL,NULL,NULL,NULL,NULL,NULL,NULL,NULL,NULL,NULL,NULL,NULL,0,NULL,NULL,NULL,NULL,NULL,NULL),(604,2,4,'Boiler 1',NULL,NULL,'EINSTEIN','compression heat pump',NULL,3,500,NULL,NULL,NULL,3.16,NULL,NULL,NULL,NULL,NULL,NULL,NULL,NULL,0,NULL,NULL,NULL,1,NULL,NULL,NULL,NULL,NULL,NULL,NULL,NULL,NULL,NULL,NULL,NULL,NULL,NULL,0,NULL,NULL,NULL,NULL,NULL,NULL),(605,2,4,'Boiler 2',NULL,NULL,NULL,NULL,NULL,3,500,NULL,NULL,NULL,NULL,NULL,NULL,NULL,NULL,NULL,NULL,NULL,NULL,0,NULL,NULL,NULL,2,NULL,NULL,NULL,NULL,NULL,NULL,NULL,NULL,NULL,NULL,NULL,NULL,NULL,NULL,0,NULL,NULL,NULL,NULL,NULL,NULL),(612,2,4,'New heat pump 1',NULL,0,'CX300','HeatPump (specify subtype)',NULL,NULL,0,NULL,NULL,NULL,0,NULL,NULL,NULL,NULL,NULL,NULL,NULL,NULL,0,NULL,NULL,NULL,9,NULL,NULL,NULL,NULL,NULL,NULL,NULL,NULL,NULL,NULL,NULL,NULL,NULL,NULL,0,NULL,NULL,NULL,NULL,NULL,NULL),(614,2,4,'New heat pump 1',NULL,0,'CX300','HeatPump (specify subtype)',NULL,NULL,0,NULL,NULL,NULL,0,NULL,NULL,NULL,NULL,NULL,NULL,NULL,NULL,0,NULL,NULL,NULL,11,NULL,NULL,NULL,NULL,NULL,NULL,NULL,NULL,NULL,NULL,NULL,NULL,NULL,NULL,0,NULL,NULL,NULL,NULL,NULL,NULL),(616,2,4,'New heat pump 1',NULL,0,'CX300','compression heat pump',1,NULL,0,NULL,NULL,NULL,0,NULL,NULL,NULL,NULL,NULL,NULL,NULL,NULL,1,'DBHeatPump','compression',1,13,NULL,NULL,NULL,NULL,NULL,NULL,NULL,NULL,NULL,NULL,NULL,NULL,NULL,NULL,0,NULL,NULL,NULL,NULL,NULL,NULL);
UNLOCK TABLES;
/*!40000 ALTER TABLE qgenerationhc ENABLE KEYS */;

--
-- Table structure for table `qheatexchanger`
--

DROP TABLE IF EXISTS qheatexchanger;
CREATE TABLE qheatexchanger (
  QHeatExchanger_ID int(10) unsigned NOT NULL auto_increment,
  HXName varchar(45) default NULL,
  HXType varchar(45) default NULL,
  QdotHX double default NULL,
  HXLMTD double default NULL,
  QHX double default NULL,
  HXSourceInlet varchar(45) default NULL,
  HXTSourceInlet double default NULL,
  HXhSourceInlet double default NULL,
  HXTSourceOutlet double default NULL,
  HXhSourceOutlet double default NULL,
  HXSink varchar(45) default NULL,
  HXTSinkInlet double default NULL,
  HXTSinkOutlet double default NULL,
  PRIMARY KEY  (QHeatExchanger_ID)
) TYPE=MyISAM;

--
-- Dumping data for table `qheatexchanger`
--


/*!40000 ALTER TABLE qheatexchanger DISABLE KEYS */;
LOCK TABLES qheatexchanger WRITE;
UNLOCK TABLES;
/*!40000 ALTER TABLE qheatexchanger ENABLE KEYS */;

--
-- Table structure for table `qprocessdata`
--

DROP TABLE IF EXISTS qprocessdata;
CREATE TABLE qprocessdata (
  QProcessData_ID int(10) unsigned NOT NULL auto_increment,
  Questionnaire_id int(10) unsigned default NULL,
  AlternativeProposalNo int(10) unsigned default '0',
  Process varchar(45) default NULL,
  DBUnitOperation_id int(10) unsigned default NULL,
  ProcType varchar(45) default NULL,
  ProcMedDBFluid_id int(10) unsigned default NULL,
  PT double default NULL,
  PTInFlow double default NULL,
  PTStartUp double default NULL,
  VInFlowDay double default NULL,
  VolProcMed double default NULL,
  UAProc double default NULL,
  HPerDayProc double default NULL,
  NBatch double default NULL,
  HBatch double default NULL,
  NDaysProc double default NULL,
  PTOutFlow double default NULL,
  PTFinal double default NULL,
  VOutFlow double default NULL,
  HeatRecOK tinyint(4) default NULL,
  HeatRecExist tinyint(4) default NULL,
  SourceWasteHeat varchar(45) default NULL,
  PTInFlowRec double default NULL,
  EnclChartHCSupply tinyint(4) default NULL,
  SupplyMedDBFluid_id int(10) unsigned default NULL,
  PipeDuctProc varchar(45) default NULL,
  TSupply double default NULL,
  SupplyMedFlow double default NULL,
  UPHtotQ double default NULL,
  PTInMax double default NULL,
  QOpProc double default NULL,
  ProcMedOut double default NULL,
  HOutFlow double default NULL,
  QEvapProc double default NULL,
  HPerYearProc double default NULL,
  QHXProcInt double default NULL,
  UPHcGross double default NULL,
  UPH double default NULL,
  UPHc double default NULL,
  UPHm double default NULL,
  UPHs double default NULL,
  UPHw double default NULL,
  UPHp double default NULL,
  UPHmin double default NULL,
  ProcHC int(11) default NULL,
  UPCtot double default NULL,
  UPCnet double default NULL,
  PMU varchar(45) default NULL,
  MProcMed double default NULL,
  PE_SEC double default NULL,
  EL_SEC double default NULL,
  UPH_SEC double default NULL,
  TEnvProc double default NULL,
  QdotProc_c double default NULL,
  QdotProc_m double default NULL,
  QdotProc_s double default NULL,
  QdotProc_w double default NULL,
  PRIMARY KEY  (QProcessData_ID)
) TYPE=MyISAM;

--
-- Dumping data for table `qprocessdata`
--


/*!40000 ALTER TABLE qprocessdata DISABLE KEYS */;
LOCK TABLES qprocessdata WRITE;
INSERT INTO qprocessdata VALUES (1,2,0,'Pasteurisation',NULL,NULL,NULL,72,NULL,NULL,NULL,NULL,NULL,NULL,NULL,NULL,NULL,NULL,NULL,NULL,NULL,NULL,NULL,NULL,NULL,NULL,NULL,180,NULL,NULL,NULL,NULL,NULL,NULL,NULL,NULL,NULL,NULL,NULL,NULL,NULL,NULL,NULL,NULL,NULL,NULL,NULL,NULL,NULL,NULL,NULL,NULL,NULL,NULL,NULL,NULL,NULL,NULL),(2,2,0,'Heating',NULL,NULL,NULL,40,NULL,NULL,NULL,NULL,NULL,NULL,NULL,NULL,NULL,NULL,NULL,NULL,NULL,NULL,NULL,NULL,NULL,NULL,NULL,180,NULL,NULL,NULL,NULL,NULL,NULL,NULL,NULL,NULL,NULL,NULL,NULL,NULL,NULL,NULL,NULL,NULL,NULL,NULL,NULL,NULL,NULL,NULL,NULL,NULL,NULL,NULL,NULL,NULL,NULL),(3,2,0,'Mozzarella production',NULL,NULL,NULL,90,NULL,NULL,NULL,NULL,NULL,NULL,NULL,NULL,NULL,NULL,NULL,NULL,NULL,NULL,NULL,NULL,NULL,NULL,NULL,180,NULL,NULL,NULL,NULL,NULL,NULL,NULL,NULL,NULL,NULL,NULL,NULL,NULL,NULL,NULL,NULL,NULL,NULL,NULL,NULL,NULL,NULL,NULL,NULL,NULL,NULL,NULL,NULL,NULL,NULL),(4,2,0,'Drying of milk',NULL,NULL,NULL,180,NULL,NULL,NULL,NULL,NULL,NULL,NULL,NULL,NULL,NULL,NULL,NULL,NULL,NULL,NULL,NULL,NULL,NULL,NULL,500,NULL,NULL,NULL,NULL,NULL,NULL,NULL,NULL,NULL,NULL,NULL,NULL,NULL,NULL,NULL,NULL,NULL,NULL,NULL,NULL,NULL,NULL,NULL,NULL,NULL,NULL,NULL,NULL,NULL,NULL),(5,2,0,'Hot water for washing',NULL,NULL,NULL,80,NULL,NULL,NULL,NULL,NULL,NULL,NULL,NULL,NULL,NULL,NULL,NULL,NULL,NULL,NULL,NULL,NULL,NULL,NULL,80,NULL,NULL,NULL,NULL,NULL,NULL,NULL,NULL,NULL,NULL,NULL,NULL,NULL,NULL,NULL,NULL,NULL,NULL,NULL,NULL,NULL,NULL,NULL,NULL,NULL,NULL,NULL,NULL,NULL,NULL),(6,2,0,'Cooling',NULL,NULL,NULL,4,NULL,NULL,NULL,NULL,NULL,NULL,NULL,NULL,NULL,NULL,NULL,NULL,NULL,NULL,NULL,NULL,NULL,NULL,NULL,0,NULL,NULL,NULL,NULL,NULL,NULL,NULL,NULL,NULL,NULL,NULL,NULL,NULL,NULL,NULL,NULL,NULL,NULL,NULL,NULL,NULL,NULL,NULL,NULL,NULL,NULL,NULL,NULL,NULL,NULL);
UNLOCK TABLES;
/*!40000 ALTER TABLE qprocessdata ENABLE KEYS */;

--
-- Table structure for table `qproduct`
--

DROP TABLE IF EXISTS qproduct;
CREATE TABLE qproduct (
  QProduct_ID int(10) unsigned NOT NULL auto_increment,
  Questionnaire_id int(10) unsigned default NULL,
  AlternativeProposalNo int(10) unsigned default '0',
  Product varchar(45) default NULL,
  ProductCode varchar(45) default NULL,
  QProdYear double default NULL,
  ProdUnit varchar(45) default NULL,
  TurnoverProd double default NULL,
  ElProd double default NULL,
  FuelProd double default NULL,
  PE_SEC double default NULL,
  EL_SEC double default NULL,
  FUEL_SEC double default NULL,
  PRIMARY KEY  (QProduct_ID)
) TYPE=MyISAM;

--
-- Dumping data for table `qproduct`
--


/*!40000 ALTER TABLE qproduct DISABLE KEYS */;
LOCK TABLES qproduct WRITE;
INSERT INTO qproduct VALUES (8,1,0,'Cheese',NULL,NULL,NULL,NULL,NULL,NULL,NULL,NULL,NULL),(7,1,0,'Milk',NULL,NULL,NULL,NULL,NULL,NULL,NULL,NULL,NULL),(10,2,0,'Milk',NULL,10000,'t',1.5,500,1000,NULL,NULL,NULL),(11,2,0,'Cheese',NULL,500,'t',1,200,500,NULL,NULL,NULL),(12,2,0,'Yoghourt',NULL,2000,'t',1.2,100,200,NULL,NULL,NULL),(101,0,0,'espaguetti',NULL,80,'t',1,50,100,NULL,NULL,NULL);
UNLOCK TABLES;
/*!40000 ALTER TABLE qproduct ENABLE KEYS */;

--
-- Table structure for table `qrenewables`
--

DROP TABLE IF EXISTS qrenewables;
CREATE TABLE qrenewables (
  QRenewables_ID int(10) unsigned NOT NULL auto_increment,
  Questionnaire_id int(10) unsigned default NULL,
  AlternativeProposalNo int(10) unsigned default '0',
  REMotivation varchar(45) default NULL,
  REInterest tinyint(4) default NULL,
  REReason varchar(45) default NULL,
  SurfAreaRoof double default NULL,
  SurfAreaGround double default NULL,
  InclinationRoof double default NULL,
  InclinationGround double default NULL,
  OrientationRoof varchar(45) default NULL,
  OrientationGround varchar(45) default NULL,
  ShadingRoof varchar(45) default NULL,
  ShadingGround varchar(45) default NULL,
  DistanceToRoof double default NULL,
  DistanceToGround double default NULL,
  RoofType varchar(45) default NULL,
  RoofStaticLoadCap double default NULL,
  EnclBuildGroundSketch tinyint(4) default NULL,
  BiomassFromProc varchar(45) default NULL,
  PeriodBiomassProcStart varchar(6) default NULL,
  PeriodBiomassProcStop varchar(6) default NULL,
  NDaysBiomassProc double default NULL,
  QBiomassProcDay double default NULL,
  SpaceBiomassProc double default NULL,
  LCVBiomassProc double default NULL,
  HumidBiomassProc double default NULL,
  BiomassFromRegion varchar(45) default NULL,
  PriceBiomassRegion double default NULL,
  PeriodBiomassRegionStart varchar(6) default NULL,
  PeriodBiomassRegionStop varchar(6) default NULL,
  NDaysBiomassRegion double default NULL,
  PRIMARY KEY  (QRenewables_ID)
) TYPE=MyISAM;

--
-- Dumping data for table `qrenewables`
--


/*!40000 ALTER TABLE qrenewables DISABLE KEYS */;
LOCK TABLES qrenewables WRITE;
UNLOCK TABLES;
/*!40000 ALTER TABLE qrenewables ENABLE KEYS */;

--
-- Table structure for table `questionnaire`
--

DROP TABLE IF EXISTS questionnaire;
CREATE TABLE questionnaire (
  Questionnaire_ID int(10) unsigned NOT NULL auto_increment,
  PSetUpData_id int(10) unsigned default '0',
  Name varchar(45) default NULL,
  City varchar(45) default NULL,
  Country varchar(45) default NULL,
  DescripIndustry varchar(45) default NULL,
  Branch varchar(45) default NULL,
  SubBranch varchar(45) default NULL,
  DBNaceCode_id int(10) unsigned default NULL,
  Contact varchar(45) default NULL,
  Role varchar(45) default NULL,
  Address varchar(45) default NULL,
  Phone varchar(45) default NULL,
  Fax varchar(45) default NULL,
  Email varchar(45) default NULL,
  NEmployees int(11) default NULL,
  Turnover double default NULL,
  ProdCost double default NULL,
  BaseYear int(11) default NULL,
  Growth double default NULL,
  Independent tinyint(4) default NULL,
  OMThermal double default NULL,
  OMElectrical double default NULL,
  HPerDayInd double default NULL,
  NShifts double default NULL,
  NDaysInd double default NULL,
  NoProdStart varchar(6) default NULL,
  NoProdStop varchar(6) default NULL,
  PercentElTotcost double default NULL,
  PercentFuelTotcost double default NULL,
  EnclMonthlyElBills tinyint(4) default NULL,
  EnclMonthlyFuelBills tinyint(4) default NULL,
  InflationRate double default NULL,
  FuelPriceRate double default NULL,
  InterestExtFinancing double default NULL,
  PercentExtFinancing double default NULL,
  AmortisationTime double default NULL,
  PublicFundType varchar(45) default NULL,
  OMGenTot double default NULL,
  OMGenOP double default NULL,
  OMGenEP double default NULL,
  OMGenFung double default NULL,
  OMBuildTot double default NULL,
  OMBuildOP double default NULL,
  OMBuildEP double default NULL,
  OMBiuildFung double default NULL,
  OMMachEquipTot double default NULL,
  OMMachEquipOP double default NULL,
  OMMachEquipEP double default NULL,
  OMMachEquipFung double default NULL,
  OMHCGenDistTot double default NULL,
  OMHCGenDistOP double default NULL,
  OMHCGenDistEP double default NULL,
  OMHCGenDistFung double default NULL,
  OMTotalTot double default NULL,
  OMTotalOP double default NULL,
  OMTotalEP double default NULL,
  OMTotalFung double default NULL,
  EnergyManagExisting tinyint(4) default NULL,
  EnergyManagExternal tinyint(4) default NULL,
  EnclChartHCDistribSys tinyint(4) default NULL,
  NPIPEDUCT int(11) default NULL,
  HDEffAvg double default NULL,
  NBuild int(11) default NULL,
  PRIMARY KEY  (Questionnaire_ID)
) TYPE=MyISAM;

--
-- Dumping data for table `questionnaire`
--


/*!40000 ALTER TABLE questionnaire DISABLE KEYS */;
LOCK TABLES questionnaire WRITE;
INSERT INTO questionnaire VALUES (2,0,'enerCHEESExperts','Barcelona',NULL,'manufacturing of CHEESE and software tools ..','food industry',NULL,NULL,'Hans Schweiger','Director','Creu dels Molers 15, 2-1\n08003 Barcelona (Spa','(+34) 697 267 280','(+34) 93 788 31 10','info@energyxperts.net',100,5.2,4.6,2008,5,0,NULL,NULL,10,1,260,'10/08','25/08',NULL,NULL,NULL,NULL,NULL,NULL,NULL,NULL,NULL,NULL,NULL,NULL,NULL,NULL,NULL,NULL,NULL,NULL,NULL,NULL,NULL,NULL,NULL,NULL,NULL,NULL,NULL,NULL,NULL,NULL,NULL,NULL,NULL,NULL,NULL,NULL),(26,0,'Pmirteto Bakery',NULL,NULL,'Makes the best bread all over the world',NULL,NULL,NULL,NULL,NULL,NULL,NULL,NULL,NULL,NULL,NULL,NULL,NULL,NULL,NULL,NULL,NULL,NULL,NULL,NULL,NULL,NULL,NULL,NULL,NULL,NULL,NULL,NULL,NULL,NULL,NULL,NULL,NULL,NULL,NULL,NULL,NULL,NULL,NULL,NULL,NULL,NULL,NULL,NULL,NULL,NULL,NULL,NULL,NULL,NULL,NULL,NULL,NULL,NULL,NULL,NULL,NULL,NULL),(25,0,'Galletas Meggi',NULL,NULL,'Manufacturing of sweets',NULL,NULL,NULL,NULL,NULL,NULL,NULL,NULL,NULL,NULL,NULL,NULL,NULL,NULL,NULL,NULL,NULL,NULL,NULL,NULL,NULL,NULL,NULL,NULL,NULL,NULL,NULL,NULL,NULL,NULL,NULL,NULL,NULL,NULL,NULL,NULL,NULL,NULL,NULL,NULL,NULL,NULL,NULL,NULL,NULL,NULL,NULL,NULL,NULL,NULL,NULL,NULL,NULL,NULL,NULL,NULL,NULL,NULL),(32,0,'Bodegas LemonGio',NULL,NULL,'LemonGio brings happyness into your life ...',NULL,NULL,NULL,NULL,NULL,NULL,NULL,NULL,NULL,NULL,NULL,NULL,NULL,NULL,NULL,NULL,NULL,NULL,NULL,NULL,NULL,NULL,NULL,NULL,NULL,NULL,NULL,NULL,NULL,NULL,NULL,NULL,NULL,NULL,NULL,NULL,NULL,NULL,NULL,NULL,NULL,NULL,NULL,NULL,NULL,NULL,NULL,NULL,NULL,NULL,NULL,NULL,NULL,NULL,NULL,NULL,NULL,NULL),(36,0,'TestCase1','Barcelona',NULL,'TestCase for don\'t know what',NULL,NULL,NULL,'Hans Schweiger',NULL,NULL,NULL,NULL,NULL,NULL,5.2,NULL,NULL,NULL,NULL,NULL,NULL,NULL,NULL,NULL,NULL,NULL,NULL,NULL,NULL,NULL,NULL,NULL,NULL,NULL,NULL,NULL,NULL,NULL,NULL,NULL,NULL,NULL,NULL,NULL,NULL,NULL,NULL,NULL,NULL,NULL,NULL,NULL,NULL,NULL,NULL,NULL,NULL,NULL,NULL,NULL,NULL,NULL),(38,0,'zzzzzz',NULL,NULL,'give here a short description of your project',NULL,NULL,NULL,NULL,NULL,NULL,NULL,NULL,NULL,NULL,NULL,NULL,NULL,NULL,NULL,NULL,NULL,NULL,NULL,NULL,NULL,NULL,NULL,NULL,NULL,NULL,NULL,NULL,NULL,NULL,NULL,NULL,NULL,NULL,NULL,NULL,NULL,NULL,NULL,NULL,NULL,NULL,NULL,NULL,NULL,NULL,NULL,NULL,NULL,NULL,NULL,NULL,NULL,NULL,NULL,NULL,NULL,NULL);
UNLOCK TABLES;
/*!40000 ALTER TABLE questionnaire ENABLE KEYS */;

--
-- Table structure for table `qwasteheatelequip`
--

DROP TABLE IF EXISTS qwasteheatelequip;
CREATE TABLE qwasteheatelequip (
  QWasteHeatElEquip_ID int(10) unsigned NOT NULL auto_increment,
  WHEEName varchar(45) default NULL,
  WHEEEqType varchar(45) default NULL,
  WHEEWasteHeatType varchar(45) default NULL,
  QWHEE double default NULL,
  WHEEMedium varchar(45) default NULL,
  WHEEFlow double default NULL,
  WHEETOutlet double default NULL,
  WHEEPresentUse varchar(45) default NULL,
  HPerDayWHEE double default NULL,
  NBatchWHEE double default NULL,
  HBatchWHEE double default NULL,
  NDaysWHEE double default NULL,
  PRIMARY KEY  (QWasteHeatElEquip_ID)
) TYPE=MyISAM;

--
-- Dumping data for table `qwasteheatelequip`
--


/*!40000 ALTER TABLE qwasteheatelequip DISABLE KEYS */;
LOCK TABLES qwasteheatelequip WRITE;
UNLOCK TABLES;
/*!40000 ALTER TABLE qwasteheatelequip ENABLE KEYS */;

--
-- Table structure for table `salternatives`
--

DROP TABLE IF EXISTS salternatives;
CREATE TABLE salternatives (
  SAlternative_ID int(10) unsigned NOT NULL auto_increment,
  ProjectID int(11) default NULL,
  AlternativeProposalNo int(11) default NULL,
  ShortName varchar(45) default NULL,
  Description varchar(100) default NULL,
  StatusA int(11) default NULL,
  StatusPO int(11) default NULL,
  StatusPI int(11) default NULL,
  StatusHX int(11) default NULL,
  StatusHC int(11) default NULL,
  StatusEnergy int(11) default NULL,
  StatusECO int(11) default NULL,
  PRIMARY KEY  (SAlternative_ID)
) TYPE=MyISAM;

--
-- Dumping data for table `salternatives`
--


/*!40000 ALTER TABLE salternatives DISABLE KEYS */;
LOCK TABLES salternatives WRITE;
INSERT INTO salternatives VALUES (1,2,0,'present state','present state after cross checking',0,NULL,NULL,NULL,NULL,NULL,NULL),(84,26,-1,'present state (original)','original data as submitted by industry',NULL,NULL,NULL,NULL,NULL,NULL,NULL),(85,26,0,'present state (checked)','present state after consistency checking',NULL,NULL,NULL,NULL,NULL,NULL,NULL),(88,32,-1,'present state (original)','original data as submitted by industry',NULL,NULL,NULL,NULL,NULL,NULL,NULL),(89,32,0,'present state (checked)','present state after consistency checking',NULL,NULL,NULL,NULL,NULL,NULL,NULL),(101,36,1,'New Proposal 1','based on present state',0,NULL,NULL,NULL,NULL,NULL,NULL),(68,2,1,'New Proposal 1','based on present state',0,NULL,NULL,NULL,NULL,NULL,NULL),(69,2,2,'New Proposal 2','based on present state',0,NULL,NULL,NULL,NULL,NULL,NULL),(70,2,3,'New Proposal 1(mod.)','based on present state(modified alternative based on New Proposal 1)',0,NULL,NULL,NULL,NULL,NULL,NULL),(83,25,0,'present state (checked)','present state after consistency checking',NULL,NULL,NULL,NULL,NULL,NULL,NULL),(77,22,0,'present state (checked)','present state after consistency checking',NULL,NULL,NULL,NULL,NULL,NULL,NULL),(75,11,0,'present state (checked)','present state after consistency checking',NULL,NULL,NULL,NULL,NULL,NULL,NULL),(82,25,-1,'present state (original)','original data as submitted by industry',NULL,NULL,NULL,NULL,NULL,NULL,NULL),(79,23,0,'present state (checked)','present state after consistency checking',NULL,NULL,NULL,NULL,NULL,NULL,NULL),(86,30,0,'present state (checked)','present state after consistency checking',NULL,NULL,NULL,NULL,NULL,NULL,NULL),(81,24,0,'present state (checked)','present state after consistency checking',NULL,NULL,NULL,NULL,NULL,NULL,NULL),(91,33,0,'present state (checked)','present state after consistency checking',NULL,NULL,NULL,NULL,NULL,NULL,NULL),(93,34,1,'New Proposal 1','based on present state',0,NULL,NULL,NULL,NULL,NULL,NULL),(100,36,0,'present state','present state after cross checking',0,NULL,NULL,NULL,NULL,NULL,NULL),(95,34,3,'New Proposal 1(mod.)','based on present state(modified alternative based on New Proposal 1)',0,NULL,NULL,NULL,NULL,NULL,NULL),(103,36,3,'New Proposal 1(mod.)','based on present state(modified alternative based on New Proposal 1)',0,NULL,NULL,NULL,NULL,NULL,NULL),(97,35,1,'New Proposal 1','based on present state',0,NULL,NULL,NULL,NULL,NULL,NULL),(102,36,2,'New Proposal 2','based on present state',0,NULL,NULL,NULL,NULL,NULL,NULL),(99,35,3,'New Proposal 1(mod.)','based on present state(modified alternative based on New Proposal 1)',0,NULL,NULL,NULL,NULL,NULL,NULL),(107,38,-1,'present state (original)','original data as submitted by industry',NULL,NULL,NULL,NULL,NULL,NULL,NULL),(106,37,0,'present state (checked)','present state after consistency checking',NULL,NULL,NULL,NULL,NULL,NULL,NULL),(108,38,0,'present state (checked)','present state after consistency checking',NULL,NULL,NULL,NULL,NULL,NULL,NULL);
UNLOCK TABLES;
/*!40000 ALTER TABLE salternatives ENABLE KEYS */;

--
-- Table structure for table `sproject`
--

DROP TABLE IF EXISTS sproject;
CREATE TABLE sproject (
  SProject_ID int(10) unsigned NOT NULL auto_increment,
  ProjectID int(11) default NULL,
  NoOfAlternatives int(11) default NULL,
  ActiveAlternative int(11) default NULL,
  FinalAlternative int(11) default NULL,
  WriteProtected int(11) default NULL,
  StatusQ int(11) default NULL,
  StatusCC int(11) default NULL,
  StatusCA int(11) default NULL,
  StatusR int(11) default NULL,
  LanguageReport varchar(45) default NULL,
  UnitsReport varchar(45) default NULL,
  Auditor_ID int(11) default NULL,
  PRIMARY KEY  (SProject_ID)
) TYPE=MyISAM;

--
-- Dumping data for table `sproject`
--


/*!40000 ALTER TABLE sproject DISABLE KEYS */;
LOCK TABLES sproject WRITE;
INSERT INTO sproject VALUES (1,2,3,0,NULL,0,0,NULL,NULL,NULL,'english','SI-kWh',NULL),(12,25,0,0,NULL,0,0,NULL,NULL,NULL,'english','SI-kWh',NULL),(13,26,0,0,NULL,0,0,NULL,NULL,NULL,'english','SI-kWh',NULL),(14,24,0,0,NULL,0,NULL,NULL,NULL,NULL,NULL,NULL,NULL),(17,32,0,0,NULL,0,0,NULL,NULL,NULL,'english','SI-kWh',NULL),(23,38,0,0,NULL,0,0,NULL,NULL,NULL,'english','SI-kWh',NULL),(21,36,3,0,NULL,0,0,NULL,NULL,NULL,'english','SI-kWh',NULL);
UNLOCK TABLES;
/*!40000 ALTER TABLE sproject ENABLE KEYS */;

--
-- Table structure for table `stool`
--

DROP TABLE IF EXISTS stool;
CREATE TABLE stool (
  STool_ID int(10) unsigned NOT NULL auto_increment,
  ActiveProject int(11) default NULL,
  UserType varchar(45) default NULL,
  Auditor_ID int(11) default NULL,
  UserInteractionLevel varchar(45) default NULL,
  LanguageTool varchar(45) default NULL,
  UnitsTool varchar(45) default NULL,
  PRIMARY KEY  (STool_ID)
) TYPE=MyISAM;

--
-- Dumping data for table `stool`
--


/*!40000 ALTER TABLE stool DISABLE KEYS */;
LOCK TABLES stool WRITE;
INSERT INTO stool VALUES (1,2,'Expert auditor',1,'interactive','english','SI-kWh');
UNLOCK TABLES;
/*!40000 ALTER TABLE stool ENABLE KEYS */;

--
-- Table structure for table `uheatpump`
--

DROP TABLE IF EXISTS uheatpump;
CREATE TABLE uheatpump (
  UHeatPump_ID int(10) unsigned NOT NULL default '0',
  Questionnaire_id int(10) unsigned default NULL,
  AlternativeProposalNo int(10) unsigned default '0',
  UHPType varchar(45) default NULL,
  UHPMinHop double default NULL,
  UHPDTMax double default NULL,
  UHPTgenIn double default NULL,
  UHPmaxT double default NULL,
  UHPminT double default NULL,
  PRIMARY KEY  (UHeatPump_ID)
) TYPE=MyISAM;

--
-- Dumping data for table `uheatpump`
--


/*!40000 ALTER TABLE uheatpump DISABLE KEYS */;
LOCK TABLES uheatpump WRITE;
INSERT INTO uheatpump VALUES (1,2,0,'compression',10,50,100,100,5),(0,0,NULL,NULL,NULL,NULL,NULL,NULL,NULL);
UNLOCK TABLES;
/*!40000 ALTER TABLE uheatpump ENABLE KEYS */;

